label,total_len,code_len,prompt_len,entropy,api_danger,persistence_risk,sensitive_targets,exfiltration_sites,b64_count,hex_count,injection_keywords,comment_count,line_count,long_line_max
0,5383,0,5383,6.171545251687476,0,0,0,0,0,0,0,0,1,0
0,615,0,615,6.866375168037557,0,0,0,0,0,0,0,0,1,0
0,8190,1304,6886,5.054936268253737,1,0,1,0,0,0,2,19,38,162
0,12264,0,12264,4.515173132817781,0,0,0,0,3,0,0,0,1,0
0,1542,0,1542,6.379323798015151,0,0,0,0,0,0,0,0,1,0
0,107075,93454,13621,4.805774758466219,64,0,34,0,0,0,0,85,2753,135
0,5006,0,5006,6.472672845022276,0,0,0,0,0,0,0,0,1,0
0,84024,71753,12271,5.4612609856891705,55,0,395,0,0,0,0,153,2032,134
0,35542,25028,10514,5.842857773220614,23,0,24,0,0,0,1,60,910,103
0,9592,7822,1770,5.748526645541582,2,13,0,0,0,0,1,524,353,118
0,57936,54097,3839,4.510958728292134,70,0,15,0,0,0,0,1,1623,177
0,877,0,877,5.083505774371503,0,0,0,0,0,0,0,0,1,0
0,889,0,889,5.076329791190182,0,0,0,0,0,0,0,0,1,0
0,21051,5855,15196,5.104286071717259,12,0,0,0,0,0,26,52,148,123
0,19703,0,19703,4.652088206498328,0,0,0,0,0,0,1,0,1,0
0,8240,0,8240,4.820901644815359,0,0,0,0,0,0,0,0,1,0
0,8610,8222,388,4.618839415218651,0,0,0,0,0,0,0,9,325,86
0,21091,14420,6671,4.960023150383452,19,0,1,0,0,0,1,11,378,137
0,7994,5197,2797,5.637794945574216,15,0,0,0,0,0,0,10,167,100
0,5391,0,5391,5.127187292178542,0,0,0,0,0,0,0,0,1,0
0,46641,35899,10742,5.204664717877328,33,4,7,0,0,0,0,37,1220,322
0,2486,1586,900,6.0848327503214445,9,0,0,0,0,0,1,4,44,99
0,168445,151707,16738,5.652576783880322,52,0,31,0,0,0,0,352,4374,209
0,8660,0,8660,4.947929666564393,0,0,0,0,0,0,0,0,1,0
0,6937,0,6937,5.288356881051727,0,0,0,0,0,0,0,0,1,0
0,1421,0,1421,5.028193886746596,0,0,0,0,0,0,0,0,1,0
0,157415,150255,7160,4.832529081381184,31,4,39,0,0,0,0,119,4189,176
0,91762,83247,8515,5.3778804313325015,22,0,0,0,1,0,0,84,2199,153
0,21486,19206,2280,5.254251006134858,5,0,1,0,0,0,0,69,631,152
0,21486,19206,2280,5.254251006134858,5,0,1,0,0,0,0,69,631,152
0,21486,19206,2280,5.254251006134858,5,0,1,0,0,0,0,69,631,152
0,21486,19206,2280,5.254251006134858,5,0,1,0,0,0,0,69,631,152
0,21493,19206,2287,5.2542643842071834,5,0,1,0,0,0,0,69,631,152
0,41321,39269,2052,4.826876360699459,8,0,0,0,0,0,0,122,1179,161
0,18932,17319,1613,5.0646012819449195,4,0,0,0,0,0,0,25,533,135
0,615,0,615,4.6946624848843435,0,0,0,0,0,0,0,0,1,0
0,1880,0,1880,4.77999208421446,0,0,0,0,0,0,0,0,1,0
0,12283,10069,2214,5.023063626740853,3,0,0,0,0,0,2,21,363,91
0,44269,34566,9703,4.952163499043686,23,0,0,0,0,0,2,79,1104,129
0,2267,0,2267,4.793776912054637,0,0,0,0,0,0,2,0,1,0
0,10509,8420,2089,4.891494320620164,0,0,5,0,0,0,0,8,319,101
0,81708,73611,8097,5.34541632313043,19,0,3,0,0,0,0,162,2256,17568
0,10135,6643,3492,5.041129106157579,0,10,3,0,0,0,0,6,235,129
0,786,0,786,5.956255289995021,0,0,0,0,0,0,0,0,1,0
0,546,0,546,4.9727916289019625,0,0,0,0,0,0,0,0,1,0
0,21708,18990,2718,5.154358322027348,5,10,31,0,0,0,0,29,527,109
0,4293,0,4293,4.941178820534867,0,0,0,0,0,0,0,0,1,0
0,3467,0,3467,4.799754866212873,0,0,0,0,0,0,0,0,1,0
0,7099,0,7099,4.847606123624524,0,0,0,0,0,0,0,0,1,0
0,5117,0,5117,5.038946004145156,0,0,0,0,0,0,0,0,1,0
0,21691,0,21691,4.776559119790607,0,0,0,0,0,0,1,0,1,0
0,6037,0,6037,4.845061477491211,0,0,0,0,0,0,1,0,1,0
0,19300,0,19300,4.857821287065549,0,0,0,0,0,0,0,0,1,0
0,15001,0,15001,4.911951383829212,0,0,0,0,0,0,0,0,1,0
0,14195,0,14195,4.874348893582239,0,0,0,0,0,0,4,0,1,0
0,6555,0,6555,4.9558933122844016,0,0,0,0,0,0,0,0,1,0
0,9433,1136,8297,6.443120062236653,1,0,0,0,0,0,0,8,45,89
0,23895,0,23895,4.834497282218314,0,0,0,0,0,0,3,0,1,0
0,23895,0,23895,4.834497282218314,0,0,0,0,0,0,3,0,1,0
0,1928,0,1928,4.717890145344924,0,0,0,0,0,0,0,0,1,0
0,3214,0,3214,7.548543042952473,0,0,0,0,0,0,0,0,1,0
0,43689,24529,19160,4.895291949669068,3,0,0,0,1,1,0,70,766,99
0,1253,0,1253,4.738673728406316,0,0,0,0,0,0,0,0,1,0
0,3632,0,3632,4.840695879593266,0,0,0,0,0,0,1,0,1,0
0,5669,0,5669,6.022650751527483,0,0,0,0,0,0,0,0,1,0
0,4753,0,4753,4.825209553979151,0,0,0,0,0,0,0,0,1,0
0,4753,0,4753,4.825209553979151,0,0,0,0,0,0,0,0,1,0
0,18344,15079,3265,5.269340610773753,11,0,0,0,0,0,0,26,410,117
0,4554,0,4554,5.194579726884101,0,0,0,0,0,0,0,0,1,0
0,2137,0,2137,5.1173317041682855,0,0,0,0,0,0,0,0,1,0
0,4417,3441,976,5.1778130387243,0,0,9,0,0,0,0,11,140,250
0,4070,0,4070,5.022234217320655,0,0,0,0,0,0,1,0,1,0
0,8241,0,8241,5.11176256187394,0,0,0,0,0,0,0,0,1,0
0,1220,0,1220,4.991869125087656,0,0,0,0,0,0,0,0,1,0
0,13129,9487,3642,5.259736323851994,10,1,3,0,0,0,0,16,308,131
0,1886,0,1886,5.578161187549907,0,0,0,0,0,0,0,0,1,0
0,118092,115247,2845,4.981428929602832,18,0,41,0,3,0,0,445,3027,150
0,1380,0,1380,4.920679399308269,0,0,0,0,0,0,0,0,1,0
0,2350,0,2350,6.863725871079444,0,0,0,0,0,0,1,0,1,0
0,1138,0,1138,5.072375894330086,0,0,0,0,0,0,0,0,1,0
0,16273,0,16273,5.14568003825128,0,0,0,0,1,0,0,0,1,0
0,19409,0,19409,5.911725939584708,0,0,0,0,0,0,0,0,1,0
0,8470,4763,3707,5.237242010523764,6,4,0,0,0,0,0,24,150,168
0,1307,0,1307,4.8421086142459835,0,0,0,0,0,0,0,0,1,0
0,5093,0,5093,5.359547609250645,0,0,0,0,0,0,0,0,1,0
0,8925,0,8925,5.061874499070455,0,0,0,0,0,0,0,0,1,0
0,658,0,658,5.450690937393014,0,0,0,0,0,0,2,0,1,0
0,5992,0,5992,4.900714672914608,0,0,0,0,0,0,0,0,1,0
0,32471,22305,10166,5.094667076526017,2,0,4,0,0,0,1,58,685,174
0,8607,0,8607,5.112667923784691,0,0,0,0,0,0,0,0,1,0
0,8073,0,8073,5.061414071655607,0,0,0,0,0,0,1,0,1,0
0,4797,0,4797,5.308438310730357,0,0,0,0,0,0,0,0,1,0
0,6075,0,6075,4.870286700726241,0,0,0,0,0,0,0,0,1,0
0,11379,0,11379,4.910309779487152,0,0,0,0,0,0,0,0,1,0
0,26894,0,26894,5.100178849395994,0,0,0,0,2,0,5,0,1,0
0,2438,0,2438,4.965258378768119,0,0,0,0,0,0,0,0,1,0
0,16992,0,16992,5.012709606497032,0,0,0,0,0,0,1,0,1,0
0,3522,0,3522,4.872469952095466,0,0,0,0,0,0,0,0,1,0
0,6549,0,6549,5.130750912143264,0,0,0,0,0,0,0,0,1,0
0,42775,0,42775,5.058086515666535,0,0,0,0,0,0,7,0,1,0
0,26904,0,26904,5.060987197072814,0,0,0,0,0,0,3,0,1,0
0,30723,0,30723,5.009953983160902,0,0,0,0,0,0,0,0,1,0
0,29387,0,29387,4.981357065778311,0,0,0,0,0,0,4,0,1,0
0,28871,0,28871,5.426253852764143,0,0,0,0,0,0,1,0,1,0
0,26408,0,26408,5.174999253040949,0,0,0,0,0,0,1,0,1,0
0,2477,0,2477,4.84749226326454,0,0,0,0,0,0,0,0,1,0
0,5531,0,5531,6.639842405712062,0,0,0,0,0,0,0,0,1,0
0,5027,0,5027,6.757502755994723,0,0,0,0,0,0,0,0,1,0
0,5027,0,5027,6.757502755994723,0,0,0,0,0,0,0,0,1,0
0,5031,0,5031,6.7573741276456785,0,0,0,0,0,0,0,0,1,0
0,9198,0,9198,4.8739354513993245,0,0,0,0,0,0,0,0,1,0
0,5457,2336,3121,5.25506194732186,0,0,3,0,0,0,1,30,89,72
0,2674,0,2674,4.902237873850542,0,0,0,0,0,0,0,0,1,0
0,3465,0,3465,4.993921864540312,0,0,0,0,0,0,0,0,1,0
0,963,386,577,5.222783890571522,0,0,0,0,0,0,0,3,16,59
0,3627,0,3627,5.0148497569395,0,0,0,0,0,0,0,0,1,0
0,26787,18203,8584,5.513450623500596,18,5,54,0,0,0,0,126,560,415
0,33295,0,33295,5.261382615987738,0,0,0,0,18,18,1,0,1,0
0,1094,0,1094,4.867042260715357,0,0,0,0,0,0,3,0,1,0
0,2976,0,2976,4.907682270984825,0,0,0,0,0,0,0,0,1,0
0,741,0,741,4.983584948287625,0,0,0,0,0,0,0,0,1,0
0,741,0,741,4.983584948287625,0,0,0,0,0,0,0,0,1,0
0,1193,0,1193,5.526353418958146,0,0,0,0,0,0,0,0,1,0
0,741,0,741,4.983584948287625,0,0,0,0,0,0,0,0,1,0
0,741,0,741,4.983584948287625,0,0,0,0,0,0,0,0,1,0
0,744,0,744,4.993146638114043,0,0,0,0,0,0,0,0,1,0
0,7538,0,7538,4.96857111549499,0,0,0,0,0,0,0,0,1,0
0,20871,0,20871,5.120896312152891,0,0,0,0,0,0,5,0,1,0
0,1370,0,1370,4.832377750035289,0,0,0,0,0,0,2,0,1,0
0,5545,0,5545,4.828717834574794,0,0,0,0,0,0,0,0,1,0
0,2879,0,2879,5.607112917884741,0,0,0,0,0,0,0,0,1,0
0,4135,0,4135,4.995667197852077,0,0,0,0,0,0,5,0,1,0
0,3655,0,3655,4.969864554903494,0,0,0,0,0,0,0,0,1,0
0,10356,2486,7870,5.368760486057342,0,0,0,0,0,0,1,12,100,128
0,26437,19903,6534,4.960621523234122,17,0,0,0,0,0,4,32,674,195
0,9213,0,9213,5.625661380329755,0,0,0,0,0,0,3,0,1,0
0,4803,0,4803,5.850646163340009,0,0,0,0,0,0,0,0,1,0
0,821,0,821,6.488427364986988,0,0,0,0,0,0,0,0,1,0
0,14310,11978,2332,4.645574335745498,1,8,0,0,0,0,0,37,317,113
0,819,0,819,4.58925131164641,0,0,0,0,0,0,0,0,1,0
0,2073,0,2073,4.693488906265063,0,0,0,0,0,0,0,0,1,0
0,13535,12052,1483,5.397782043121439,25,0,1,0,0,0,0,32,386,163
0,1235,400,835,5.148875236023074,0,0,0,0,0,0,0,3,21,61
0,34708,30958,3750,6.232416678060225,2,1,8,0,0,0,0,236,1500,254
0,24624,0,24624,6.268379119457901,0,0,0,0,0,0,2,0,1,0
0,1212,0,1212,5.240507108567048,0,0,0,0,0,0,0,0,1,0
0,19578,10483,9095,4.968945267507608,8,0,3,0,0,0,0,23,329,103
0,7188,6037,1151,4.805414591921037,5,0,2,0,0,0,0,9,244,114
0,1831,0,1831,5.123527662040114,0,0,0,0,0,0,0,0,1,0
0,21343,0,21343,5.102694118234268,0,0,0,0,0,0,6,0,1,0
0,40742,37596,3146,5.0877655659124175,25,0,0,0,0,0,4,197,1319,162
0,1940,0,1940,6.2943662420357995,0,0,0,0,0,0,0,0,1,0
0,4404,1769,2635,5.3222683983317705,0,0,0,0,0,0,0,9,45,110
0,1877,0,1877,4.8600421427842,0,0,0,0,0,0,0,0,1,0
0,5649,3780,1869,6.027690465061942,0,0,0,0,0,0,0,6,144,83
0,21708,18990,2718,5.154358322027348,5,10,31,0,0,0,0,29,527,109
0,8986,0,8986,4.983816393736733,0,0,0,0,0,0,1,0,1,0
0,5756,0,5756,5.125270515254258,0,0,0,0,0,0,2,0,1,0
0,3864,0,3864,4.807100604920036,0,0,0,0,0,0,0,0,1,0
0,20744,0,20744,5.121512479568661,0,0,0,0,0,0,11,0,1,0
0,959,0,959,4.917015116639834,0,0,0,0,0,0,0,0,1,0
0,12403,4497,7906,6.2861849354529085,0,2,0,0,0,0,0,23,174,123
0,2266,0,2266,5.249933149117268,0,0,0,0,0,0,6,0,1,0
0,25289,0,25289,5.109262521333915,0,0,0,0,0,0,47,0,1,0
0,48866,38539,10327,5.390883614436791,13,5,60,0,2,0,27,110,1122,318
0,20191,0,20191,5.124175797921382,0,0,0,0,0,0,7,0,1,0
0,981,0,981,4.856754238404494,0,0,0,0,0,0,0,0,1,0
0,1899,0,1899,6.1041083525067314,0,0,0,0,0,0,0,0,1,0
0,29874,20456,9418,6.079258476583259,3,0,0,0,0,0,0,148,798,121
0,14729,12269,2460,5.529986669654731,9,0,0,0,0,0,0,33,398,102
0,5654,0,5654,4.847978481832173,0,0,0,0,0,0,0,0,1,0
0,1857,0,1857,6.792040370131696,0,0,0,0,0,0,0,0,1,0
0,3529,0,3529,5.11077727477472,0,0,0,0,1,0,0,0,1,0
0,171409,161817,9592,5.847085103110046,5,0,6,0,0,0,0,501,6238,126
0,1184,0,1184,5.084912701214676,0,0,0,0,0,0,0,0,1,0
0,5024,0,5024,5.257577433468489,0,0,0,0,1,1,0,0,1,0
0,2729,0,2729,5.156810648178078,0,0,0,0,0,0,0,0,1,0
0,5764,0,5764,6.442211800222171,0,0,0,0,0,0,1,0,1,0
0,1349,0,1349,6.503036209202799,0,0,0,0,0,0,0,0,1,0
0,3780,0,3780,5.062488945577949,0,0,0,0,0,0,4,0,1,0
0,14307,10541,3766,5.109930356326745,2,0,18,0,2,2,0,35,282,112
0,973,0,973,6.609927894515019,0,0,0,0,0,0,0,0,1,0
0,30791,0,30791,5.406506813791294,0,0,0,0,0,0,62,0,1,0
0,4509,3609,900,4.748850547591892,0,0,0,0,0,0,0,4,110,93
0,75125,67426,7699,4.836555526013341,0,0,0,0,0,0,1,90,2014,159
0,13131,0,13131,5.008467668841268,0,0,0,0,0,0,2,0,1,0
0,5223,0,5223,5.111382653496063,0,0,0,0,0,0,0,0,1,0
0,11607,6229,5378,5.155711631289309,0,0,13,0,0,0,3,19,219,109
0,3160,0,3160,5.12359326766422,0,0,0,0,0,0,2,0,1,0
0,2215,0,2215,4.856702260775843,0,0,0,0,0,0,3,0,1,0
0,7313,0,7313,5.098845582161054,0,0,0,0,0,0,1,0,1,0
0,6552,0,6552,5.01124361916223,0,0,0,0,0,0,4,0,1,0
0,6847,0,6847,5.141409703082585,0,0,0,0,0,0,0,0,1,0
0,689129,679372,9757,5.32672877402703,374,1,283,0,1,0,0,2040,27067,280
0,4207,2596,1611,4.8458804495276615,2,0,0,0,0,0,0,11,75,127
0,3274,0,3274,4.723265670556287,0,0,0,0,0,0,0,0,1,0
0,6803,5604,1199,5.081484125571913,5,0,6,0,0,0,0,8,169,146
0,1467,0,1467,5.075649063497903,0,0,0,0,0,0,1,0,1,0
0,1178,0,1178,5.0390058246957485,0,0,0,0,0,0,0,0,1,0
0,13985,11448,2537,5.404277311198769,3,0,2,0,0,0,0,45,438,113
0,823,0,823,6.443718487564108,0,0,0,0,0,0,0,0,1,0
0,422,0,422,5.029909554471537,0,0,0,0,0,0,0,0,1,0
0,2747,864,1883,6.735237371672313,0,0,0,0,0,0,0,2,30,85
0,7641,5817,1824,5.502209206811373,7,0,1,0,0,0,0,19,179,140
0,910,0,910,7.188319860591755,0,0,0,0,0,0,0,0,1,0
0,21403,0,21403,5.098057642847727,0,0,0,0,0,0,1,0,1,0
0,22150,21263,887,5.188664124478015,0,0,0,0,0,0,0,58,713,155
0,1422,0,1422,6.325010215873153,0,0,0,0,0,0,0,0,1,0
0,1023,633,390,5.629026535647583,2,0,0,0,0,0,0,1,6,342
0,11430,0,11430,4.848672991741584,0,0,0,0,0,0,1,0,1,0
0,7816,3625,4191,6.33978696370601,0,0,0,0,0,0,0,48,194,136
0,1470,905,565,5.457815419052961,0,0,0,0,0,0,0,6,34,81
0,1352,0,1352,5.927628207385885,0,0,0,0,0,0,0,0,1,0
0,3637,2951,686,5.256878916441705,0,0,0,0,0,0,0,9,89,104
0,1292,0,1292,5.028169001410446,0,0,0,0,0,0,0,0,1,0
0,1360,0,1360,6.458290083062484,0,0,0,0,0,0,0,0,1,0
0,9809,0,9809,4.8803625441156875,0,0,0,0,0,0,0,0,1,0
0,912,0,912,6.54978807268555,0,0,0,0,0,0,0,0,1,0
0,3615,0,3615,5.022872934648657,0,0,0,0,0,0,0,0,1,0
0,13034,11496,1538,5.7507513884696495,0,0,8,0,0,0,0,49,360,220
0,4349,3417,932,5.104405199962496,0,0,10,0,0,0,0,12,144,203
0,3179,1903,1276,6.423912895682441,2,0,16,0,0,0,0,6,95,81
0,677,0,677,5.821833080796248,0,0,0,0,0,0,0,0,1,0
0,646,0,646,5.806003943445993,0,0,0,0,0,0,0,0,1,0
0,689,0,689,5.772480291652884,0,0,0,0,0,0,0,0,1,0
0,664,0,664,5.860243067580603,0,0,0,0,0,0,0,0,1,0
0,659,0,659,5.70494286706985,0,0,0,0,0,0,0,0,1,0
0,673,0,673,5.7270765795374485,0,0,0,0,0,0,0,0,1,0
0,660,0,660,5.958428202956364,0,0,0,0,0,0,0,0,1,0
0,652,0,652,5.819867928044343,0,0,0,0,0,0,0,0,1,0
0,669,0,669,5.911586879709358,0,0,0,0,0,0,0,0,1,0
0,656,0,656,5.796172263595599,0,0,0,0,0,0,0,0,1,0
0,636,0,636,5.769496036092328,0,0,0,0,0,0,0,0,1,0
0,644,0,644,5.91733991586077,0,0,0,0,0,0,0,0,1,0
0,645,0,645,5.773878388419231,0,0,0,0,0,0,0,0,1,0
0,650,0,650,5.91769891429223,0,0,0,0,0,0,0,0,1,0
0,679,0,679,5.8530691426105985,0,0,0,0,0,0,0,0,1,0
0,670,0,670,5.90647704174728,0,0,0,0,0,0,0,0,1,0
0,661,0,661,6.012727338421593,0,0,0,0,0,0,0,0,1,0
0,654,0,654,5.741914714382505,0,0,0,0,0,0,0,0,1,0
0,667,0,667,5.985069708186066,0,0,0,0,0,0,0,0,1,0
0,646,0,646,5.870254260671795,0,0,0,0,0,0,0,0,1,0
0,646,0,646,5.892734694040004,0,0,0,0,0,0,0,0,1,0
0,644,0,644,5.901593843422644,0,0,0,0,0,0,0,0,1,0
0,655,0,655,5.820172392280572,0,0,0,0,0,0,0,0,1,0
0,680,0,680,5.964316651370982,0,0,0,0,0,0,0,0,1,0
0,643,0,643,5.897329593728484,0,0,0,0,0,0,0,0,1,0
0,664,0,664,5.779668302145915,0,0,0,0,0,0,0,0,1,0
0,667,0,667,5.891812825131509,0,0,0,0,0,0,0,0,1,0
0,666,0,666,5.866051367140946,0,0,0,0,0,0,0,0,1,0
0,638,0,638,5.831059403343614,0,0,0,0,0,0,0,0,1,0
0,652,0,652,5.822922965062022,0,0,0,0,0,0,0,0,1,0
0,13100,9372,3728,5.092308175996671,1,0,0,0,0,0,0,18,303,92
0,106370,102698,3672,4.823714597502325,38,50,0,0,2,0,0,211,2575,287
0,73486,65853,7633,5.071821289623255,36,0,28,0,0,0,2,228,2625,150
0,663,0,663,5.90670169602824,0,0,0,0,0,0,0,0,1,0
0,4987,1352,3635,6.7549677924345986,0,0,0,0,0,0,0,1,46,110
0,117239,113877,3362,4.603979171342012,3,0,0,0,0,0,1,254,3351,236
0,1364,0,1364,5.883885903581041,0,0,0,0,0,0,0,0,1,0
0,3293,0,3293,5.030970721424878,0,0,0,0,0,0,0,0,1,0
0,86694,79965,6729,5.230200366884423,38,0,43,0,0,0,0,223,2336,195
0,1278,0,1278,5.114740722686801,0,0,0,0,0,0,0,0,1,0
0,3279,1903,1376,6.4781276620796,2,0,16,0,0,0,0,6,95,81
0,687,0,687,5.046553618791106,0,0,0,0,0,0,0,0,1,0
0,1367,0,1367,6.800915908725001,0,0,0,0,0,0,0,0,1,0
0,1367,0,1367,6.800915908725001,0,0,0,0,0,0,0,0,1,0
0,780,0,780,7.400960173253568,0,0,0,0,0,0,0,0,1,0
0,675,0,675,6.190553484340255,0,0,0,0,0,0,0,0,1,0
0,2862,1651,1211,6.459195417803039,2,0,16,0,0,0,0,6,83,81
0,665,0,665,5.800766406227779,0,0,0,0,0,0,0,0,1,0
0,1338,0,1338,6.421913520788333,0,0,0,0,0,0,0,0,1,0
0,7598,0,7598,5.178183673200052,0,0,0,0,0,0,0,0,1,0
0,19068,12647,6421,4.93994376649855,0,0,11,0,2,0,3,15,406,114
0,10012,0,10012,4.952971112505936,0,0,0,0,0,0,0,0,1,0
0,1896,0,1896,4.803392501993577,0,0,0,0,0,0,0,0,1,0
0,5861,5061,800,5.302576286746248,0,0,0,0,0,0,0,19,189,113
0,6583,0,6583,4.882918791791991,0,0,0,0,0,0,0,0,1,0
0,18182,16902,1280,5.1154575952859505,0,0,18,0,0,0,0,12,539,188
0,31790,28660,3130,5.09814648830232,16,10,49,0,0,0,6,81,818,170
0,162790,162436,354,5.534137787487979,74,1,170,0,0,0,0,172,1375,35010
0,10329,0,10329,4.8942388596088895,0,0,0,0,0,0,0,0,1,0
0,88553,83072,5481,5.50597759390609,24,9,14,0,0,0,0,485,2376,240
0,581,0,581,6.113525685686874,0,0,0,0,0,0,0,0,1,0
0,3987,0,3987,6.942243516081403,0,0,0,0,0,0,0,0,1,0
0,2399,0,2399,7.259470137286255,0,0,0,0,0,0,0,0,1,0
0,5401,0,5401,6.705021231615418,0,0,0,0,0,0,2,0,1,0
0,15471,8180,7291,5.574067223102532,0,4,0,0,0,0,0,43,234,119
0,10723,0,10723,5.0037427099551905,0,0,0,0,0,0,0,0,1,0
0,20336,15873,4463,5.661563476986099,4,0,0,0,0,0,0,173,461,146
0,11622,0,11622,4.936286930234734,0,0,0,0,0,0,0,0,1,0
0,9146,0,9146,4.911714811628093,0,0,0,0,0,0,0,0,1,0
0,9508,0,9508,4.834309721404551,0,0,0,0,0,0,0,0,1,0
0,3781,0,3781,5.076054404740725,0,0,0,0,0,0,2,0,1,0
0,9244,0,9244,4.915419382475562,0,0,0,0,0,0,0,0,1,0
0,11083,0,11083,4.860674552496475,0,0,0,0,0,0,0,0,1,0
0,9778,0,9778,4.816992939884501,0,0,0,0,0,0,0,0,1,0
0,9805,0,9805,4.960150313452619,0,0,0,0,0,0,0,0,1,0
0,10278,0,10278,4.898064105452717,0,0,0,0,0,0,0,0,1,0
0,9498,0,9498,4.88348814827282,0,0,0,0,0,0,0,0,1,0
0,9658,0,9658,4.958273052188074,0,0,0,0,0,0,0,0,1,0
0,3233,0,3233,4.786680435307359,0,0,0,0,0,0,0,0,1,0
0,998,0,998,6.490572970431614,0,0,0,0,0,0,0,0,1,0
0,9043,0,9043,4.931098205972159,0,0,0,0,0,0,0,0,1,0
0,13055,0,13055,6.094492179826243,0,0,0,0,0,0,0,0,1,0
0,2215,0,2215,6.100636099794755,0,0,0,0,0,0,0,0,1,0
0,2597,1897,700,5.308155387434688,2,0,0,0,0,0,0,8,64,90
0,2597,1897,700,5.308155387434688,2,0,0,0,0,0,0,8,64,90
0,2597,1897,700,5.308155387434688,2,0,0,0,0,0,0,8,64,90
0,33761,19699,14062,4.879655408053932,18,0,1,0,0,0,0,17,565,113
0,5267,0,5267,4.9171138145397855,0,0,0,0,0,0,0,0,1,0
0,3543,0,3543,6.906788873193805,0,0,0,0,0,0,0,0,1,0
0,2706,0,2706,7.00909141746237,0,0,0,0,0,0,1,0,1,0
0,4473,0,4473,7.364398025580223,0,0,0,0,0,0,0,0,1,0
0,6049,0,6049,5.013455786327818,0,0,0,0,0,0,1,0,1,0
0,21708,18990,2718,5.154358322027348,5,10,31,0,0,0,0,29,527,109
0,11995,10991,1004,5.241175826461703,1,3,1,0,0,0,6,146,504,94
0,2538,0,2538,6.152153088505647,0,0,0,0,0,0,1,0,1,0
0,3960,0,3960,5.282604900289962,0,0,0,0,0,0,0,0,1,0
0,992,0,992,6.629344968379656,0,0,0,0,0,0,0,0,1,0
0,2140,0,2140,4.68392195737675,0,0,0,0,0,0,0,0,1,0
0,1787,0,1787,4.697303846596859,0,0,0,0,0,0,0,0,1,0
0,893,0,893,4.867485138860131,0,0,0,0,0,0,0,0,1,0
0,1554,0,1554,4.679171678914939,0,0,0,0,0,0,0,0,1,0
0,3794,0,3794,5.288148863652254,0,0,0,0,0,0,0,0,1,0
0,1807,0,1807,4.940658132488483,0,0,0,0,0,0,0,0,1,0
0,5316,0,5316,5.115884457223809,0,0,0,0,0,0,0,0,1,0
0,4490,0,4490,4.976641695652616,0,0,0,0,0,0,1,0,1,0
0,7135,0,7135,5.0246887755276095,0,0,0,0,1,0,0,0,1,0
0,2052,0,2052,6.187113025808601,0,0,0,0,0,0,0,0,1,0
0,3582,0,3582,5.11334581231656,0,0,0,0,0,0,2,0,1,0
0,4344,0,4344,4.975684745534414,0,0,0,0,0,0,0,0,1,0
0,21708,18990,2718,5.154358322027348,5,10,31,0,0,0,0,29,527,109
0,5937,4125,1812,5.960925079397237,0,0,14,0,0,0,0,2,151,112
0,4693,4055,638,5.414053496963679,0,0,14,0,0,0,0,2,147,112
0,1749,0,1749,5.125941158346812,0,0,0,0,1,0,0,0,1,0
0,3811,0,3811,4.814096238160036,0,0,0,0,0,0,1,0,1,0
0,38061,36869,1192,4.765100052403795,2,0,0,0,0,0,0,136,1174,122
0,1077,0,1077,5.13538010505374,0,0,0,0,0,0,4,0,1,0
0,1174,0,1174,5.286115512608756,0,0,0,0,0,0,0,0,1,0
0,1197,0,1197,5.307730603186315,0,0,0,0,0,0,0,0,1,0
0,1058,0,1058,5.006434035513188,0,0,0,0,0,0,0,0,1,0
0,8480,6288,2192,5.090230987118738,3,4,0,0,0,0,0,41,240,99
0,10670,0,10670,5.161736588384569,0,0,0,0,0,0,0,0,1,0
0,8347,5920,2427,5.158732186891082,0,0,0,0,0,0,0,6,191,87
0,10179,8342,1837,5.478735892647769,0,0,0,0,0,0,0,12,264,124
0,5833,0,5833,5.187397456518357,0,0,0,0,0,0,2,0,1,0
0,9762,6759,3003,6.056248492144412,7,0,0,0,0,0,0,20,235,157
0,4362,1676,2686,4.9383065218519935,0,0,0,0,0,0,1,1,52,111
0,4300,1571,2729,4.927059382222841,0,0,0,0,0,0,1,1,49,112
0,5321,2450,2871,5.10189805766798,3,0,0,0,0,0,1,3,80,93
0,9490,8413,1077,4.781365405253123,4,0,21,0,0,0,0,5,280,117
0,5732,4447,1285,5.0679946904120765,1,0,0,0,0,0,0,11,147,101
0,18010,14426,3584,4.860859579692815,6,0,20,0,0,0,0,13,434,141
0,8160,855,7305,6.073254182389634,1,0,0,0,0,0,2,6,44,77
0,11977,10352,1625,5.4490855187796186,0,0,0,0,0,0,0,21,419,146
0,33070,22410,10660,5.893805642146649,7,0,25,0,0,0,0,51,716,139
0,10188,0,10188,6.6917430944497935,0,0,0,0,0,0,0,0,1,0
0,48874,31874,17000,5.053721220952415,8,0,3,0,0,0,3,56,707,2099
0,2406,0,2406,4.9323918683637435,0,0,0,0,0,0,0,0,1,0
0,2435,0,2435,6.330290226673894,0,0,0,0,0,0,0,0,1,0
0,26017,21565,4452,4.9572718392196515,18,0,0,0,0,0,0,48,442,202
0,9632,0,9632,5.059399829927519,0,0,0,0,0,0,0,0,1,0
0,1938,0,1938,4.985243803234342,0,0,0,0,0,0,3,0,1,0
0,2140,0,2140,5.055695676657823,0,0,0,0,0,0,0,0,1,0
0,25156,22092,3064,4.5007673383825315,15,0,2,0,0,0,0,31,600,194
0,2794,0,2794,4.82274036646389,0,0,0,0,0,0,0,0,1,0
0,2105,0,2105,5.0485266977094785,0,0,0,0,0,0,0,0,1,0
0,10982,0,10982,4.89741911057759,0,0,0,0,0,0,0,0,1,0
0,5596,3463,2133,5.7401791638226145,0,0,0,0,0,0,0,6,126,123
0,2062,0,2062,4.9700102299561815,0,0,0,0,0,0,0,0,1,0
0,4034,0,4034,4.974121524498522,0,0,0,0,0,0,3,0,1,0
0,4083,0,4083,4.889590144706848,0,0,0,0,0,0,3,0,1,0
0,4440,0,4440,4.657501644306702,0,0,0,0,0,0,0,0,1,0
0,7602,5611,1991,4.946141487865362,0,19,12,0,0,0,1,13,174,160
0,5527,0,5527,4.8939327022420684,0,0,0,0,0,0,0,0,1,0
0,2693,1117,1576,5.128808422625799,0,0,0,0,0,0,3,1,37,134
0,6760,4927,1833,4.864470916605057,1,0,1,0,0,0,0,7,151,146
0,10745,7814,2931,5.184678692858234,0,0,1,0,0,0,0,20,231,184
0,26715,24996,1719,5.040327188306254,0,0,1,0,0,0,3,41,700,761
0,4812,3679,1133,5.198308362117601,5,0,3,0,0,0,2,4,150,105
0,5325,3972,1353,5.09171010391253,0,0,0,0,0,0,2,2,171,87
0,4126,2616,1510,5.193892865131611,0,0,1,0,0,0,2,9,92,110
0,22367,18132,4235,5.5209971355551755,1,0,23,0,0,0,1,42,588,135
0,22367,18132,4235,5.5209971355551755,1,0,23,0,0,0,1,42,588,135
0,3897,0,3897,4.906402053187513,0,0,0,0,0,0,4,0,1,0
0,12799,0,12799,5.089855198031671,0,0,0,0,0,0,21,0,1,0
0,199987,193690,6297,5.5082312865336345,18,6,21,0,14,0,0,1066,8443,278
0,30330,27742,2588,4.834847562436437,9,0,2,0,0,0,0,19,694,226
0,33321,30336,2985,4.9093660935833965,0,0,1,0,3,0,0,2,807,129
0,1762,0,1762,4.749222386640468,0,0,0,0,0,0,0,0,1,0
0,9397,0,9397,6.398864593010366,0,0,0,0,0,0,0,0,1,0
0,2550,0,2550,5.082227179357697,0,0,0,0,0,0,0,0,1,0
0,1335,0,1335,4.850666619613745,0,0,0,0,0,0,0,0,1,0
0,12872,0,12872,5.092936229763886,0,0,0,0,0,0,24,0,1,0
0,16779,11447,5332,6.026905034836154,3,0,0,0,1,0,0,29,372,175
0,6545,0,6545,5.001558575832426,0,0,0,0,0,0,1,0,1,0
0,12029,10077,1952,4.854960908840298,6,0,0,0,0,0,0,6,292,136
0,16494,12311,4183,4.827646484787098,8,0,0,0,0,0,3,12,349,234
0,1466,0,1466,4.771790781229454,0,0,0,0,0,0,1,0,1,0
0,3215,0,3215,4.596949188864378,0,0,0,0,0,0,0,0,1,0
0,3125,0,3125,4.784479328809529,0,0,0,0,0,0,3,0,1,0
0,3125,0,3125,4.784479328809529,0,0,0,0,0,0,3,0,1,0
0,11967,0,11967,4.910907714774925,0,0,0,0,0,0,0,0,1,0
0,2231,0,2231,4.975407458061559,0,0,0,0,0,0,0,0,1,0
0,18342,17193,1149,5.191736668877773,6,0,0,0,0,0,0,170,694,79
0,2007,0,2007,6.27598512557826,0,0,0,0,0,0,0,0,1,0
0,5928,4703,1225,6.189913768527161,0,0,0,0,0,0,0,22,158,102
0,3142,0,3142,4.5472569361458355,0,0,0,0,0,0,0,0,1,0
0,4321,0,4321,4.972572169670709,0,0,0,0,0,0,0,0,1,0
0,9353,0,9353,5.017313310553307,0,0,0,0,0,0,0,0,1,0
0,9353,0,9353,5.017313310553307,0,0,0,0,0,0,0,0,1,0
0,1863,0,1863,5.235057915368191,0,0,0,0,1,0,0,0,1,0
0,1148,0,1148,5.004253696426791,0,0,0,0,0,0,0,0,1,0
0,32467,31674,793,5.621918597522788,8,0,12,0,0,0,0,60,653,394
0,12314,9489,2825,5.685231023372804,10,0,21,0,0,0,0,32,397,81
0,8766,7438,1328,5.037957015641125,13,0,1,0,0,0,0,24,228,113
0,58425,56215,2210,5.163356607030951,44,0,6,0,0,0,0,99,1675,125
0,7243,4481,2762,4.955912599725446,3,0,0,0,0,0,0,11,131,86
0,9629,0,9629,4.892354208010428,0,0,0,0,0,0,1,0,1,0
0,15845,8481,7364,5.353985702347529,13,0,15,0,0,0,0,9,238,112
0,3728,0,3728,4.585049879444063,0,0,0,0,0,0,0,0,1,0
0,331,0,331,6.6010462837677375,0,0,0,0,0,0,0,0,1,0
0,1286,0,1286,4.999104280743787,0,0,0,0,0,0,0,0,1,0
0,13172,9317,3855,5.298958695845426,6,0,4,0,0,0,2,16,295,161
0,12930,9407,3523,5.308736488571136,6,0,6,0,0,0,2,13,261,201
0,6509,2958,3551,5.300685949028248,2,0,11,0,3,0,0,20,86,228
0,9014,0,9014,4.326087563505724,0,0,0,0,0,0,0,0,1,0
0,22716,17868,4848,4.969253268385043,0,0,37,0,5,5,0,13,461,307
0,65396,63260,2136,5.367346612618635,155,14,49,2,0,0,5,92,1881,249
0,47319,32386,14933,4.936750892031635,14,5,18,0,5,0,22,41,901,181
0,16268,14807,1461,5.626467544842546,0,0,0,0,0,0,0,70,648,129
0,16297,11228,5069,6.126048507609036,3,0,0,0,0,0,0,29,360,133
0,2076,0,2076,4.852238268339224,0,0,0,0,0,0,0,0,1,0
0,3527,0,3527,6.6693754720591425,0,0,0,0,0,0,0,0,1,0
0,30147,28178,1969,5.088942693322825,6,0,0,0,1,0,0,6,932,148
0,51307,46790,4517,4.8684829918944015,12,0,0,0,0,0,2,136,1176,136
0,20291,17921,2370,5.364577498070429,3,12,0,0,0,0,0,34,472,159
0,1548,0,1548,4.691019300955405,0,0,0,0,0,0,0,0,1,0
0,17656,0,17656,5.048221464362695,0,0,0,0,0,0,0,0,1,0
0,26829,20769,6060,5.206310520014526,39,0,11,0,0,0,0,65,656,156
0,2020,0,2020,6.660698930768584,0,0,0,0,0,0,0,0,1,0
0,15987,9732,6255,6.467471790426318,1,0,0,0,1,0,0,50,333,158
0,24020,21475,2545,4.596648415480183,2,0,0,0,0,0,1,61,650,136
0,4621,3426,1195,6.094986519839135,0,0,1,0,0,0,0,10,158,82
0,104294,100475,3819,5.125542140904719,17,0,17,0,0,0,0,409,3192,140
0,11500,9436,2064,5.934202365105643,0,0,0,0,0,0,0,35,321,142
0,590,0,590,6.292847662993595,0,0,0,0,0,0,0,0,1,0
0,946,0,946,5.033461105400935,0,0,0,0,0,0,0,0,1,0
0,31033,25709,5324,5.258332245196585,48,0,0,0,0,0,0,36,937,111
0,716,0,716,4.751120229619521,0,0,0,0,0,0,0,0,1,0
0,2342,0,2342,5.965182702079491,0,0,0,0,0,0,0,0,1,0
0,2953,0,2953,6.809509339932693,0,0,0,0,0,0,0,0,1,0
0,10315,0,10315,4.940979909084501,0,0,0,0,0,0,0,0,1,0
0,10315,0,10315,4.940979909084501,0,0,0,0,0,0,0,0,1,0
0,10315,0,10315,4.940979909084501,0,0,0,0,0,0,0,0,1,0
0,10322,0,10322,4.9407313892773015,0,0,0,0,0,0,0,0,1,0
0,10320,0,10320,4.940965423511007,0,0,0,0,0,0,0,0,1,0
0,10315,0,10315,4.940979909084501,0,0,0,0,0,0,0,0,1,0
0,10315,0,10315,4.940979909084501,0,0,0,0,0,0,0,0,1,0
0,8076,0,8076,4.769627824779107,0,0,0,0,0,0,0,0,1,0
0,5658,2806,2852,5.333163489760329,1,0,0,0,0,0,0,14,91,97
0,23423,0,23423,4.998175761707626,0,0,0,0,0,0,7,0,1,0
0,1967,0,1967,6.118977202354527,0,0,0,0,0,0,1,0,1,0
0,13375,12300,1075,4.481281425349403,0,0,0,0,0,0,1,18,349,135
0,24776,19844,4932,5.228023274546038,2,0,0,0,0,0,0,112,619,129
0,14860,0,14860,5.04555648951372,0,0,0,0,0,0,0,0,1,0
0,30492,24616,5876,5.745250838412392,0,0,7,0,0,0,0,78,409,314
0,6950,3752,3198,5.319765263232816,0,0,5,0,0,0,0,13,107,127
0,13544,0,13544,4.787895504347151,0,0,0,0,0,0,0,0,1,0
0,2811,0,2811,5.087894623260105,0,0,0,0,0,0,0,0,1,0
0,4070,0,4070,5.023038801472182,0,0,0,0,0,0,1,0,1,0
0,3131,0,3131,4.896149625660631,0,0,0,0,0,0,0,0,1,0
0,17150,438,16712,5.587804104729105,0,0,0,0,0,0,0,0,19,72
0,1745,0,1745,5.125114596981577,0,0,0,0,1,0,0,0,1,0
0,1216,0,1216,4.801539552843618,0,0,0,0,0,0,0,0,1,0
0,25120,23830,1290,4.5914543537404,11,0,2,0,0,0,0,43,702,125
0,24699,17995,6704,5.765062661153235,18,0,40,0,0,0,0,36,710,126
0,2146,1264,882,5.679891179231241,1,0,0,0,0,0,0,13,55,102
0,33332,29817,3515,5.021559236848727,31,0,4,0,0,0,0,72,1016,146
0,29425,24980,4445,5.923681980145157,17,0,3,0,4,4,0,123,941,116
0,2895,550,2345,5.14141524663062,1,0,0,0,0,0,0,4,24,119
0,5227,3504,1723,4.983202634841743,2,0,0,0,0,0,0,3,103,110
0,4591,2506,2085,4.965519661256919,2,0,0,0,0,0,0,3,78,113
0,4896,3504,1392,4.909507742842556,2,0,0,0,0,0,0,3,103,110
0,5227,3504,1723,4.983202634841743,2,0,0,0,0,0,0,3,103,110
0,5227,3504,1723,4.983202634841743,2,0,0,0,0,0,0,3,103,110
0,971,0,971,6.195934601967205,0,0,0,0,0,0,0,0,1,0
0,14300,12398,1902,4.878367907510875,0,0,0,0,0,0,0,18,303,143
0,5253,2323,2930,5.6537985561416635,2,0,0,0,0,0,0,4,82,103
0,4896,3504,1392,4.909507742842556,2,0,0,0,0,0,0,3,103,110
0,6632,2603,4029,6.757400870549083,0,0,1,0,0,0,2,2,97,135
0,27382,23534,3848,5.3051893438554645,6,0,23,0,0,0,0,39,642,113
0,8067,5126,2941,5.888613758105993,0,0,0,0,0,0,0,25,297,73
0,3701,1171,2530,5.624490385222534,0,0,0,0,0,0,0,6,51,84
0,11212,7855,3357,6.124729989380296,5,0,2,0,0,0,0,45,229,158
0,3458,2692,766,5.290698927762031,3,0,0,0,0,0,0,16,116,72
0,515,0,515,4.536798492420002,0,0,0,0,0,0,1,0,1,0
0,5769,4860,909,5.7096393179769125,0,0,0,0,0,0,0,4,156,106
0,12654,0,12654,4.696863503505507,0,0,0,0,0,0,0,0,1,0
0,28152,20694,7458,6.1550734329097585,0,0,0,0,0,0,0,111,662,109
0,8007,0,8007,5.206276305479274,0,0,0,0,0,0,0,0,1,0
0,18530,0,18530,4.976196316115746,0,0,0,0,0,0,3,0,1,0
0,3620,0,3620,5.5321652629786655,0,0,0,0,1,0,0,0,1,0
0,14252,8589,5663,6.187567604656884,1,0,0,0,0,0,0,6,273,99
0,34051,25364,8687,6.110370429149564,21,0,3,0,0,0,0,126,959,116
0,23864,11392,12472,4.810816057337662,0,0,0,0,0,0,0,13,324,118
0,2055,0,2055,4.931500127847907,0,0,0,0,0,0,1,0,1,0
0,50035,46212,3823,4.856595592037409,9,1,0,0,0,0,0,59,1183,134
0,54014,47338,6676,5.935171096476332,10,0,0,0,0,0,0,204,1421,1552
0,18014,0,18014,5.192440756412226,0,0,0,0,0,0,15,0,1,0
0,2060,899,1161,5.084592318439357,0,0,0,0,0,0,0,9,33,91
0,2125,1155,970,5.124748867208598,0,0,0,0,0,0,0,2,39,90
0,2125,1155,970,5.124748867208598,0,0,0,0,0,0,0,2,39,90
0,1362,705,657,4.972146401560803,0,0,0,0,0,0,0,1,20,84
0,1995,1205,790,5.216980818666648,0,0,0,0,0,0,0,1,32,141
0,3767,1575,2192,5.324110025630536,3,0,0,0,0,0,0,1,50,101
0,6580,0,6580,5.036749640156887,0,0,0,0,0,0,1,0,1,0
0,28047,25714,2333,5.392321350884689,0,0,0,0,0,0,0,105,933,116
0,3637,0,3637,6.962824583950686,0,0,0,0,0,0,1,0,1,0
0,3690,0,3690,6.742425705503656,0,0,0,0,0,0,1,0,1,0
0,6194,0,6194,4.846516812732931,0,0,0,0,0,0,0,0,1,0
0,915,0,915,6.342733517517916,0,0,0,0,0,0,0,0,1,0
0,2099,1672,427,5.786689239245958,5,0,0,0,0,0,0,7,58,107
0,9931,7619,2312,5.759144198933549,1,0,0,0,0,0,0,53,287,107
0,5934,4166,1768,5.754381217096532,0,0,1,0,0,0,0,10,133,91
0,6072,1257,4815,6.149139424025683,0,0,0,0,0,0,0,6,42,96
0,19766,18061,1705,5.345048804207464,5,0,0,0,0,0,0,38,618,101
0,1992,0,1992,6.331920637439375,0,0,0,0,2,0,0,0,1,0
0,10260,6371,3889,6.219098994429717,8,2,1,0,0,0,0,23,253,103
0,25402,20207,5195,5.949337676613051,10,4,12,0,0,0,0,49,881,105
0,1063579,1062337,1242,5.421081564333613,132,35,34,0,8,2,0,162,921,66063
0,17931,14821,3110,5.610286846314893,0,0,0,0,3,0,0,72,546,131
0,6003,3976,2027,5.540025970386676,6,0,2,0,0,0,0,30,145,275
0,1966,526,1440,6.21913949508835,0,0,0,0,0,0,0,1,20,79
0,7400,6407,993,5.5115240117498905,2,0,0,0,0,0,0,18,236,136
0,4730,0,4730,5.019892773198141,0,0,0,0,0,0,1,0,1,0
0,18376,11855,6521,6.321090619959144,0,0,70,0,0,0,0,24,416,110
0,874,0,874,6.614580097439324,0,0,0,0,0,0,0,0,1,0
0,2620,0,2620,4.8023763533398816,0,0,0,0,0,0,0,0,1,0
0,1513,0,1513,7.327857013153235,0,0,0,0,0,0,0,0,1,0
0,10627,0,10627,5.034738563538739,0,0,0,0,0,0,1,0,1,0
0,10627,0,10627,5.034738563538739,0,0,0,0,0,0,1,0,1,0
0,16962,0,16962,4.950994698375801,0,0,0,0,0,0,1,0,1,0
0,6864,0,6864,5.02833135478011,0,0,0,0,0,0,0,0,1,0
0,3438,0,3438,6.138688110103383,0,0,0,0,0,0,0,0,1,0
0,1745,0,1745,4.966714294435418,0,0,0,0,0,0,0,0,1,0
0,1796,0,1796,5.04613049789799,0,0,0,0,0,0,0,0,1,0
0,6889,4605,2284,5.697729687132206,0,0,2,0,0,0,0,11,188,107
0,8003,4717,3286,5.88923970726786,0,0,3,0,0,0,0,11,184,99
0,1831,217,1614,6.341019894246159,2,0,0,0,0,0,0,2,11,36
0,5119,4399,720,5.659009391490923,0,0,0,0,0,0,0,6,158,160
0,1762,0,1762,5.023585065657049,0,0,0,0,0,0,0,0,1,0
0,1191,0,1191,4.943626207609408,0,0,0,0,0,0,0,0,1,0
0,1173,0,1173,4.927661114209435,0,0,0,0,0,0,0,0,1,0
0,1164,0,1164,4.929544945309537,0,0,0,0,0,0,0,0,1,0
0,1182,0,1182,4.923649755581005,0,0,0,0,0,0,0,0,1,0
0,1254,0,1254,4.950521178414194,0,0,0,0,0,0,0,0,1,0
0,1155,0,1155,4.904734284046474,0,0,0,0,0,0,0,0,1,0
0,1720,0,1720,6.1512745477166755,0,0,0,0,0,0,0,0,1,0
0,4109,0,4109,4.7972283624789185,0,0,0,0,0,0,1,0,1,0
0,3474,0,3474,4.833268535127562,0,0,0,0,0,0,3,0,1,0
0,34756,34061,695,4.73226268692516,1,0,3,0,1,1,0,104,900,147
0,39299,32508,6791,5.543852441812526,11,0,0,0,1,0,0,134,842,242
0,2162,0,2162,5.084755119555188,0,0,0,0,0,0,0,0,1,0
0,249795,240123,9672,4.920484148803603,125,0,15,0,0,0,0,775,7357,216
0,52980,51551,1429,5.1370544959044455,4,0,14,0,0,0,0,134,1852,113
0,2505,0,2505,4.675342542262444,0,0,0,0,0,0,0,0,1,0
0,2505,0,2505,4.675342542262444,0,0,0,0,0,0,0,0,1,0
0,4609,3545,1064,5.031125564244371,10,0,2,0,0,0,0,5,158,80
0,16531,10622,5909,5.1209682006322135,1,0,10,0,0,0,1,24,387,153
0,27981,0,27981,5.015439318903859,0,0,0,0,0,0,1,0,1,0
0,2072,0,2072,6.619138848867409,0,0,0,0,0,0,0,0,1,0
0,10680,0,10680,4.891982850724572,0,0,0,0,0,0,0,0,1,0
0,7440,0,7440,4.715492994193904,0,0,0,0,0,0,0,0,1,0
0,15245,9016,6229,5.511728983920045,12,0,0,0,0,0,0,20,244,154
0,4313,0,4313,5.212783904295115,0,0,0,0,0,0,0,0,1,0
0,6505,5628,877,5.106321095095054,4,0,0,0,0,0,0,7,175,125
0,20944,14809,6135,5.438868872208909,7,0,0,0,0,0,0,57,479,156
0,845,0,845,5.059539442654693,0,0,0,0,0,0,0,0,1,0
0,16477,0,16477,4.956216723538397,0,0,0,0,0,0,3,0,1,0
0,1852,0,1852,7.596475001114812,0,0,0,0,0,0,0,0,1,0
0,5498,0,5498,4.954929321633945,0,0,0,0,0,0,0,0,1,0
0,173464,171803,1661,4.7597230917535525,45,0,1,0,0,0,0,231,4872,146
0,5757,0,5757,4.786295677106684,0,0,0,0,0,0,1,0,1,0
0,8683,0,8683,4.8137361179364095,0,0,0,0,0,0,0,0,1,0
0,679,0,679,5.040227548050322,0,0,0,0,0,0,0,0,1,0
0,12683,10174,2509,5.657759170140541,0,0,0,0,0,0,0,28,333,138
0,1415,0,1415,4.757586799611802,0,0,0,0,0,0,0,0,1,0
0,2633,0,2633,4.536863719157919,0,0,0,0,0,0,0,0,1,0
0,3568,0,3568,4.713498192160456,0,0,0,0,0,0,0,0,1,0
0,9012,7146,1866,5.313377844612707,4,0,23,0,0,0,0,13,167,131
0,246347,237820,8527,5.209568302388178,61,0,22,0,62,0,1,463,6071,175
0,1489,0,1489,4.9992355787807,0,0,0,0,0,0,0,0,1,0
0,12101,10999,1102,5.667106631073724,8,0,6,0,0,0,0,45,463,100
0,8078,0,8078,4.656110419674135,0,0,0,0,0,0,0,0,1,0
0,4600,1628,2972,6.033066473586019,1,2,0,0,0,0,0,16,80,58
0,5463,0,5463,4.883076458943244,0,0,0,0,0,0,0,0,1,0
0,4192,0,4192,4.808726033744465,0,0,0,0,0,0,0,0,1,0
0,8179,0,8179,6.984007141106165,0,0,0,0,0,0,0,0,1,0
0,11937,0,11937,4.724864110696253,0,0,0,0,0,0,0,0,1,0
0,11937,0,11937,4.724864110696253,0,0,0,0,0,0,0,0,1,0
0,360,0,360,6.906817903013184,0,0,0,0,0,0,0,0,1,0
0,8946,0,8946,4.907581944247899,0,0,0,0,0,0,1,0,1,0
0,6459,0,6459,4.987935523855012,0,0,0,0,0,0,0,0,1,0
0,15782,0,15782,4.308832220042783,0,0,0,0,0,0,0,0,1,0
0,56991,52941,4050,5.257546397995923,74,0,1,0,0,0,0,51,1786,180
0,481647,478828,2819,4.975414716893494,129,9,150,0,2,1,0,261,11332,39066
0,49082,47225,1857,5.358235376873839,34,0,0,0,0,0,0,195,1833,129
0,2430,0,2430,4.794338447602894,0,0,0,0,0,0,0,0,1,0
0,17314,11431,5883,5.388494109668422,5,0,0,0,1,0,0,66,383,122
0,12862,6544,6318,5.325668319703933,3,0,0,0,0,0,1,33,174,122
0,2154,0,2154,6.581002740105299,0,0,0,0,0,0,0,0,1,0
0,2805,0,2805,7.261014606255165,0,0,0,0,0,0,2,0,1,0
0,2651,0,2651,7.82515219905637,0,0,0,0,0,0,0,0,1,0
0,5878,0,5878,7.857386742786297,0,0,0,0,0,0,2,0,1,0
0,3959,0,3959,6.5512347864935085,0,0,0,0,1,0,0,0,1,0
0,11719,9945,1774,4.732417654549837,3,0,0,0,0,0,0,3,288,128
0,1476,0,1476,6.865076526545415,0,0,0,0,0,0,0,0,1,0
0,301655,294934,6721,5.32469949532256,11,0,38,0,12,12,0,613,8554,308
0,9049,8150,899,4.936195130346488,0,0,0,0,0,0,0,29,302,83
0,4352,0,4352,4.941345836331353,0,0,0,0,0,0,0,0,1,0
0,1719,0,1719,5.713440245118554,0,0,0,0,0,0,0,0,1,0
0,1771,0,1771,6.263164548764233,0,0,0,0,0,0,0,0,1,0
0,7342,0,7342,5.955875087612305,0,0,0,0,1,0,0,0,1,0
0,9793,0,9793,6.009426446516322,0,0,0,0,0,0,1,0,1,0
0,4414,0,4414,6.226581903226629,0,0,0,0,1,0,0,0,1,0
0,1714,0,1714,5.7159131331297095,0,0,0,0,0,0,0,0,1,0
0,1714,0,1714,5.7159131331297095,0,0,0,0,0,0,0,0,1,0
0,1263,0,1263,4.78312441246163,0,0,0,0,0,0,0,0,1,0
0,6151,0,6151,6.773284075191725,0,0,0,0,0,0,0,0,1,0
0,9933,0,9933,6.549926722923231,0,0,0,0,0,0,0,0,1,0
0,1058,0,1058,7.0737777460766535,0,0,0,0,0,0,0,0,1,0
0,11022,8120,2902,6.029985089524667,0,0,4,0,0,0,0,14,382,117
0,2219,0,2219,6.907718610825512,0,0,0,0,0,0,0,0,1,0
0,675,0,675,5.331778923178458,0,0,0,0,0,0,0,0,1,0
0,18305,12326,5979,5.259497768740715,0,2,9,0,0,0,0,39,384,112
0,3970,199,3771,4.852068580606484,1,0,0,0,0,0,6,1,8,55
0,1772,0,1772,7.3390021813708515,0,0,0,0,0,0,0,0,1,0
0,19573,0,19573,4.888983786074977,0,0,0,0,0,0,8,0,1,0
0,6129,4041,2088,5.620553249974327,7,0,0,0,0,0,0,10,177,91
0,2085,0,2085,6.223966912938162,0,0,0,0,0,0,0,0,1,0
0,11870,0,11870,4.837732729600043,0,0,0,0,0,0,2,0,1,0
0,384,0,384,6.042663494182469,0,0,0,0,0,0,0,0,1,0
0,1197,0,1197,6.45382520253519,0,0,0,0,1,0,0,0,1,0
0,9810,0,9810,4.941675774925245,0,0,0,0,0,0,0,0,1,0
0,9810,0,9810,4.941675774925245,0,0,0,0,0,0,0,0,1,0
0,12703,0,12703,4.984148295231579,0,0,0,0,0,0,5,0,1,0
0,2107,0,2107,6.741409204978612,0,0,0,0,0,0,1,0,1,0
0,4987,1763,3224,6.474540217153832,0,0,0,0,0,0,0,13,83,59
0,12274,8642,3632,5.419167077138523,0,1,0,0,0,0,0,24,217,265
0,10912,7713,3199,5.448008247723107,0,1,0,0,0,0,1,17,204,169
0,106238,103197,3041,4.741687065670394,44,0,86,0,0,0,0,70,2732,136
0,88523,76653,11870,5.544518407713088,78,0,243,0,0,0,0,583,2802,213
0,9628,0,9628,4.8956796048638385,0,0,0,0,1,0,0,0,1,0
0,35446,33842,1604,3.9218659376968485,0,0,13,0,0,0,0,70,1120,90
0,8794,5375,3419,5.3348524324601065,0,0,0,0,0,0,2,31,181,84
0,17629,0,17629,5.199549738256291,0,0,0,0,1,0,32,0,1,0
0,14567,7387,7180,5.044427222353985,0,0,3,0,0,0,59,22,252,99
0,18722,11542,7180,5.151232660084616,0,0,3,0,1,0,59,36,415,99
0,293208,287912,5296,5.445570128285385,59,0,328,0,2,0,1,168,1469,199933
0,24913,21972,2941,5.412285602242214,80,0,1,0,0,0,0,133,527,379
0,104873,103436,1437,4.569008760758198,203,0,12,0,0,0,0,203,3505,121
0,1744,76,1668,4.791522538694468,0,0,0,0,0,0,0,1,5,36
0,5696,2760,2936,4.934947517327741,3,0,0,0,0,0,0,1,83,82
0,1087,0,1087,5.8849327665356705,0,0,0,0,0,0,0,0,1,0
0,1298,0,1298,6.350808382529961,0,0,0,0,0,0,0,0,1,0
0,5099,0,5099,5.604538738492443,0,0,0,0,0,0,0,0,1,0
0,12145,9018,3127,5.181221681848217,3,0,0,0,0,0,1,6,288,132
0,24824,9326,15498,5.200827296005175,7,0,8,0,0,0,0,35,368,167
0,6342,4159,2183,5.135342110494014,3,0,1,0,0,0,0,15,125,137
0,5602,0,5602,4.849253683617085,0,0,0,0,1,0,10,0,1,0
0,23466,12223,11243,4.83239309825722,10,0,1,0,0,0,1,11,429,87
0,20799,0,20799,4.95289325834346,0,0,0,0,0,0,2,0,1,0
0,4396,0,4396,5.091903693475312,0,0,0,0,0,0,1,0,1,0
0,3892,0,3892,5.264392367160688,0,0,0,0,0,0,0,0,1,0
0,18229,0,18229,5.136799691720847,0,0,0,0,0,0,0,0,1,0
0,10094,0,10094,4.946520739083494,0,0,0,0,0,0,0,0,1,0
0,3559,0,3559,4.855289351342034,0,0,0,0,0,0,0,0,1,0
0,4973,2574,2399,4.998032649145788,0,0,0,0,0,0,0,9,77,88
0,31875,29071,2804,5.240132175205534,18,0,10,0,0,0,3,118,1084,155
0,28911,26035,2876,5.123795789037564,3,0,35,0,4,0,0,36,811,230
0,3063,0,3063,4.861552603298924,0,0,0,0,0,0,0,0,1,0
0,6425,4871,1554,5.090955029974455,7,0,10,0,0,0,0,2,108,241
0,1158,0,1158,6.723562281724638,0,0,0,0,0,0,0,0,1,0
0,17207,10568,6639,4.911541692540595,10,0,6,0,0,0,2,3,324,112
0,5233,2913,2320,5.442761713290931,10,0,0,0,0,0,0,18,91,94
0,5036,2913,2123,5.479488947685834,10,0,0,0,0,0,0,18,91,94
0,8403,3159,5244,5.330562574294636,10,0,0,0,1,0,0,18,91,105
0,7638,0,7638,6.743324645272825,0,0,0,0,0,0,0,0,1,0
0,3135,0,3135,4.908848115341899,0,0,0,0,0,0,1,0,1,0
0,5158,0,5158,6.21510378025988,0,0,0,0,0,0,0,0,1,0
0,7142,0,7142,4.830130518338066,0,0,0,0,0,0,13,0,1,0
0,2235,0,2235,5.007627239045884,0,0,0,0,0,0,0,0,1,0
0,6298,48,6250,5.166404723273937,0,0,0,0,0,0,0,1,3,35
0,17777,15574,2203,5.065962606541182,9,1,0,0,0,0,0,80,557,135
0,8860,6318,2542,4.929126350896447,8,0,4,0,0,0,0,7,225,113
0,22716,16893,5823,5.447768910713624,6,1,13,0,0,0,9,85,527,206
0,2461,0,2461,4.705117050347655,0,0,0,0,0,0,0,0,1,0
0,14965,7241,7724,5.020081915050331,3,11,12,0,0,0,0,34,235,99
0,0,0,0,0.0,0,0,0,0,0,0,0,0,1,0
1,10836,0,10836,4.695468359934858,0,0,0,0,2,0,0,0,1,0
1,10831,0,10831,4.68556492660603,0,0,0,0,2,0,0,0,1,0
1,10831,0,10831,4.68556492660603,0,0,0,0,2,0,0,0,1,0
1,10838,0,10838,4.686364390342503,0,0,0,0,2,0,0,0,1,0
1,10831,0,10831,4.68556492660603,0,0,0,0,2,0,0,0,1,0
1,10838,0,10838,4.686364390342503,0,0,0,0,2,0,0,0,1,0
1,10831,0,10831,4.68556492660603,0,0,0,0,2,0,0,0,1,0
1,10831,0,10831,4.68556492660603,0,0,0,0,2,0,0,0,1,0
1,10831,0,10831,4.68556492660603,0,0,0,0,2,0,0,0,1,0
1,10831,0,10831,4.68556492660603,0,0,0,0,2,0,0,0,1,0
1,10831,0,10831,4.68556492660603,0,0,0,0,2,0,0,0,1,0
1,10838,0,10838,4.686364390342503,0,0,0,0,2,0,0,0,1,0
1,10831,0,10831,4.68556492660603,0,0,0,0,2,0,0,0,1,0
1,4790,0,4790,5.002049366656758,0,0,0,0,0,0,0,0,1,0
1,4790,0,4790,5.002049366656758,0,0,0,0,0,0,0,0,1,0
1,3907,0,3907,5.140881343743078,0,0,0,0,2,0,0,0,1,0
1,4790,0,4790,5.002049366656758,0,0,0,0,0,0,0,0,1,0
1,4790,0,4790,5.002049366656758,0,0,0,0,0,0,0,0,1,0
1,4790,0,4790,5.002049366656758,0,0,0,0,0,0,0,0,1,0
1,3907,0,3907,5.140881343743078,0,0,0,0,2,0,0,0,1,0
1,4790,0,4790,5.002049366656758,0,0,0,0,0,0,0,0,1,0
1,4790,0,4790,5.002049366656758,0,0,0,0,0,0,0,0,1,0
1,4786,0,4786,5.000664917906825,0,0,0,0,0,0,0,0,1,0
1,3903,0,3903,5.16136789191532,0,0,0,0,2,0,0,0,1,0
1,4790,0,4790,5.002049366656758,0,0,0,0,0,0,0,0,1,0
1,3907,0,3907,5.140881343743078,0,0,0,0,2,0,0,0,1,0
1,3907,0,3907,5.140881343743078,0,0,0,0,2,0,0,0,1,0
1,4790,0,4790,5.002049366656758,0,0,0,0,0,0,0,0,1,0
1,4790,0,4790,5.002049366656758,0,0,0,0,0,0,0,0,1,0
1,4790,0,4790,5.002049366656758,0,0,0,0,0,0,0,0,1,0
1,3914,0,3914,5.1456116135259995,0,0,0,0,2,0,0,0,1,0
1,3907,0,3907,5.140881343743078,0,0,0,0,2,0,0,0,1,0
1,4790,0,4790,5.002049366656758,0,0,0,0,0,0,0,0,1,0
1,4790,0,4790,5.002049366656758,0,0,0,0,0,0,0,0,1,0
1,3907,0,3907,5.140881343743078,0,0,0,0,2,0,0,0,1,0
1,4790,0,4790,5.002049366656758,0,0,0,0,0,0,0,0,1,0
1,3907,0,3907,5.140881343743078,0,0,0,0,2,0,0,0,1,0
1,3907,0,3907,5.140881343743078,0,0,0,0,2,0,0,0,1,0
1,4790,0,4790,5.002049366656758,0,0,0,0,0,0,0,0,1,0
1,4790,0,4790,5.002049366656758,0,0,0,0,0,0,0,0,1,0
1,4790,0,4790,5.002049366656758,0,0,0,0,0,0,0,0,1,0
1,4790,0,4790,5.002049366656758,0,0,0,0,0,0,0,0,1,0
1,4790,0,4790,5.002049366656758,0,0,0,0,0,0,0,0,1,0
1,4790,0,4790,5.002049366656758,0,0,0,0,0,0,0,0,1,0
1,3907,0,3907,5.140881343743078,0,0,0,0,2,0,0,0,1,0
1,4786,0,4786,5.000664917906825,0,0,0,0,0,0,0,0,1,0
1,4786,0,4786,5.000664917906825,0,0,0,0,0,0,0,0,1,0
1,3907,0,3907,5.140881343743078,0,0,0,0,2,0,0,0,1,0
1,3907,0,3907,5.140881343743078,0,0,0,0,2,0,0,0,1,0
1,4790,0,4790,5.002049366656758,0,0,0,0,0,0,0,0,1,0
1,3907,0,3907,5.140881343743078,0,0,0,0,2,0,0,0,1,0
1,4790,0,4790,5.002049366656758,0,0,0,0,0,0,0,0,1,0
1,3903,0,3903,5.16136789191532,0,0,0,0,2,0,0,0,1,0
1,3907,0,3907,5.140881343743078,0,0,0,0,2,0,0,0,1,0
1,4790,0,4790,5.002049366656758,0,0,0,0,0,0,0,0,1,0
1,3907,0,3907,5.140881343743078,0,0,0,0,2,0,0,0,1,0
1,3907,0,3907,5.140881343743078,0,0,0,0,2,0,0,0,1,0
1,4790,0,4790,5.002049366656758,0,0,0,0,0,0,0,0,1,0
1,4790,0,4790,5.002049366656758,0,0,0,0,0,0,0,0,1,0
1,4742,0,4742,5.012481103062475,0,0,0,0,1,0,0,0,1,0
1,1172,0,1172,5.332595868453497,0,0,0,0,2,0,0,0,1,0
1,1172,0,1172,5.332595868453497,0,0,0,0,2,0,0,0,1,0
1,1401,0,1401,5.237664947020126,0,0,0,0,2,0,0,0,1,0
1,1172,0,1172,5.332595868453497,0,0,0,0,2,0,0,0,1,0
1,1172,0,1172,5.332595868453497,0,0,0,0,2,0,0,0,1,0
1,1172,0,1172,5.332595868453497,0,0,0,0,2,0,0,0,1,0
1,1172,0,1172,5.332595868453497,0,0,0,0,2,0,0,0,1,0
1,1172,0,1172,5.332595868453497,0,0,0,0,2,0,0,0,1,0
1,1172,0,1172,5.332595868453497,0,0,0,0,2,0,0,0,1,0
1,1172,0,1172,5.332595868453497,0,0,0,0,2,0,0,0,1,0
1,1172,0,1172,5.332595868453497,0,0,0,0,2,0,0,0,1,0
1,1172,0,1172,5.332595868453497,0,0,0,0,2,0,0,0,1,0
1,1172,0,1172,5.332595868453497,0,0,0,0,2,0,0,0,1,0
1,1401,0,1401,5.237664947020126,0,0,0,0,2,0,0,0,1,0
1,1172,0,1172,5.332595868453497,0,0,0,0,2,0,0,0,1,0
1,1172,0,1172,5.332595868453497,0,0,0,0,2,0,0,0,1,0
1,1401,0,1401,5.237664947020126,0,0,0,0,2,0,0,0,1,0
1,1401,0,1401,5.237664947020126,0,0,0,0,2,0,0,0,1,0
1,1172,0,1172,5.332595868453497,0,0,0,0,2,0,0,0,1,0
1,1172,0,1172,5.332595868453497,0,0,0,0,2,0,0,0,1,0
1,2038,0,2038,5.152442647067699,0,0,0,0,2,0,2,0,1,0
1,2038,0,2038,5.152442647067699,0,0,0,0,2,0,2,0,1,0
1,2045,0,2045,5.157072791015548,0,0,0,0,2,0,2,0,1,0
1,2038,0,2038,5.152442647067699,0,0,0,0,2,0,2,0,1,0
1,2038,0,2038,5.152442647067699,0,0,0,0,2,0,2,0,1,0
1,2038,0,2038,5.152442647067699,0,0,0,0,2,0,2,0,1,0
1,2038,0,2038,5.152442647067699,0,0,0,0,2,0,2,0,1,0
1,2038,0,2038,5.152442647067699,0,0,0,0,2,0,2,0,1,0
1,2038,0,2038,5.152442647067699,0,0,0,0,2,0,2,0,1,0
1,2038,0,2038,5.152442647067699,0,0,0,0,2,0,2,0,1,0
1,2045,0,2045,5.157072791015548,0,0,0,0,2,0,2,0,1,0
1,2038,0,2038,5.152442647067699,0,0,0,0,2,0,2,0,1,0
1,2038,0,2038,5.152442647067699,0,0,0,0,2,0,2,0,1,0
1,2038,0,2038,5.152442647067699,0,0,0,0,2,0,2,0,1,0
1,2038,0,2038,5.152442647067699,0,0,0,0,2,0,2,0,1,0
1,2038,0,2038,5.152442647067699,0,0,0,0,2,0,2,0,1,0
1,2038,0,2038,5.152442647067699,0,0,0,0,2,0,2,0,1,0
1,2038,0,2038,5.152442647067699,0,0,0,0,2,0,2,0,1,0
1,2038,0,2038,5.152442647067699,0,0,0,0,2,0,2,0,1,0
1,2217,0,2217,5.012249245199562,0,0,0,0,0,0,2,0,1,0
1,2217,0,2217,5.012249245199562,0,0,0,0,0,0,2,0,1,0
1,2217,0,2217,5.012249245199562,0,0,0,0,0,0,2,0,1,0
1,2217,0,2217,5.012249245199562,0,0,0,0,0,0,2,0,1,0
1,2217,0,2217,5.012249245199562,0,0,0,0,0,0,2,0,1,0
1,2217,0,2217,5.012249245199562,0,0,0,0,0,0,2,0,1,0
1,2217,0,2217,5.012249245199562,0,0,0,0,0,0,2,0,1,0
1,2217,0,2217,5.012249245199562,0,0,0,0,0,0,2,0,1,0
1,2217,0,2217,5.012249245199562,0,0,0,0,0,0,2,0,1,0
1,2217,0,2217,5.012249245199562,0,0,0,0,0,0,2,0,1,0
1,2217,0,2217,5.012249245199562,0,0,0,0,0,0,2,0,1,0
1,2217,0,2217,5.012249245199562,0,0,0,0,0,0,2,0,1,0
1,2217,0,2217,5.012249245199562,0,0,0,0,0,0,2,0,1,0
1,2217,0,2217,5.012249245199562,0,0,0,0,0,0,2,0,1,0
1,2217,0,2217,5.012249245199562,0,0,0,0,0,0,2,0,1,0
1,2217,0,2217,5.012249245199562,0,0,0,0,0,0,2,0,1,0
1,2217,0,2217,5.012249245199562,0,0,0,0,0,0,2,0,1,0
1,2217,0,2217,5.012249245199562,0,0,0,0,0,0,2,0,1,0
1,2217,0,2217,5.012249245199562,0,0,0,0,0,0,2,0,1,0
1,2217,0,2217,5.012249245199562,0,0,0,0,0,0,2,0,1,0
1,2217,0,2217,5.012249245199562,0,0,0,0,0,0,2,0,1,0
1,2217,0,2217,5.012249245199562,0,0,0,0,0,0,2,0,1,0
1,2217,0,2217,5.012249245199562,0,0,0,0,0,0,2,0,1,0
1,11742,0,11742,5.003964646940185,0,0,0,0,1,0,5,0,1,0
1,11742,0,11742,5.003964646940185,0,0,0,0,1,0,5,0,1,0
1,11742,0,11742,5.003964646940185,0,0,0,0,1,0,5,0,1,0
1,11742,0,11742,5.003964646940185,0,0,0,0,1,0,5,0,1,0
1,9082,0,9082,5.244740308534367,0,0,0,0,2,0,1,0,1,0
1,9075,0,9075,5.24467300371424,0,0,0,0,2,0,1,0,1,0
1,9075,0,9075,5.24467300371424,0,0,0,0,2,0,1,0,1,0
1,9075,0,9075,5.24467300371424,0,0,0,0,2,0,1,0,1,0
1,9075,0,9075,5.24467300371424,0,0,0,0,2,0,1,0,1,0
1,9075,0,9075,5.24467300371424,0,0,0,0,2,0,1,0,1,0
1,9075,0,9075,5.24467300371424,0,0,0,0,2,0,1,0,1,0
1,9075,0,9075,5.24467300371424,0,0,0,0,2,0,1,0,1,0
1,9075,0,9075,5.24467300371424,0,0,0,0,2,0,1,0,1,0
1,9082,0,9082,5.244740308534367,0,0,0,0,2,0,1,0,1,0
1,9082,0,9082,5.244740308534367,0,0,0,0,2,0,1,0,1,0
1,9075,0,9075,5.24467300371424,0,0,0,0,2,0,1,0,1,0
1,9075,0,9075,5.24467300371424,0,0,0,0,2,0,1,0,1,0
1,9082,0,9082,5.244740308534367,0,0,0,0,2,0,1,0,1,0
1,9078,0,9078,5.254446150416862,0,0,0,0,2,0,1,0,1,0
1,9075,0,9075,5.24467300371424,0,0,0,0,2,0,1,0,1,0
1,9075,0,9075,5.24467300371424,0,0,0,0,2,0,1,0,1,0
1,9075,0,9075,5.24467300371424,0,0,0,0,2,0,1,0,1,0
1,9075,0,9075,5.24467300371424,0,0,0,0,2,0,1,0,1,0
1,3963,0,3963,4.954744161012904,0,0,0,0,2,0,2,0,1,0
1,3968,0,3968,4.955212069074496,0,0,0,0,2,0,2,0,1,0
1,3963,0,3963,4.954744161012904,0,0,0,0,2,0,2,0,1,0
1,3970,0,3970,4.957065888423382,0,0,0,0,2,0,2,0,1,0
1,3963,0,3963,4.954744161012904,0,0,0,0,2,0,2,0,1,0
1,3970,0,3970,4.957065888423382,0,0,0,0,2,0,2,0,1,0
1,3963,0,3963,4.954744161012904,0,0,0,0,2,0,2,0,1,0
1,3963,0,3963,4.954744161012904,0,0,0,0,2,0,2,0,1,0
1,3963,0,3963,4.954744161012904,0,0,0,0,2,0,2,0,1,0
1,3975,0,3975,4.954677687580157,0,0,0,0,2,0,2,0,1,0
1,3963,0,3963,4.954744161012904,0,0,0,0,2,0,2,0,1,0
1,3494,0,3494,5.4600574332255745,0,0,0,0,7,6,0,0,1,0
1,9810,0,9810,5.253878730943613,0,0,0,0,0,0,0,0,1,0
1,9810,0,9810,5.253878730943613,0,0,0,0,0,0,0,0,1,0
1,9810,0,9810,5.253878730943613,0,0,0,0,0,0,0,0,1,0
1,9810,0,9810,5.253878730943613,0,0,0,0,0,0,0,0,1,0
1,9810,0,9810,5.253878730943613,0,0,0,0,0,0,0,0,1,0
1,9810,0,9810,5.253878730943613,0,0,0,0,0,0,0,0,1,0
1,9810,0,9810,5.253878730943613,0,0,0,0,0,0,0,0,1,0
1,9810,0,9810,5.253878730943613,0,0,0,0,0,0,0,0,1,0
1,9810,0,9810,5.253878730943613,0,0,0,0,0,0,0,0,1,0
1,9810,0,9810,5.253878730943613,0,0,0,0,0,0,0,0,1,0
1,9810,0,9810,5.253878730943613,0,0,0,0,0,0,0,0,1,0
1,9810,0,9810,5.253878730943613,0,0,0,0,0,0,0,0,1,0
1,9810,0,9810,5.253878730943613,0,0,0,0,0,0,0,0,1,0
1,9810,0,9810,5.253878730943613,0,0,0,0,0,0,0,0,1,0
1,9810,0,9810,5.253878730943613,0,0,0,0,0,0,0,0,1,0
1,9810,0,9810,5.253878730943613,0,0,0,0,0,0,0,0,1,0
1,8880,0,8880,5.254862460491263,0,0,0,0,0,0,0,0,1,0
1,2348,0,2348,5.310668509379665,0,0,0,0,3,0,0,0,1,0
1,2348,0,2348,5.310668509379665,0,0,0,0,3,0,0,0,1,0
1,2355,0,2355,5.312742559498169,0,0,0,0,3,0,0,0,1,0
1,2348,0,2348,5.310668509379665,0,0,0,0,3,0,0,0,1,0
1,2348,0,2348,5.310668509379665,0,0,0,0,3,0,0,0,1,0
1,2348,0,2348,5.310668509379665,0,0,0,0,3,0,0,0,1,0
1,2348,0,2348,5.310668509379665,0,0,0,0,3,0,0,0,1,0
1,2348,0,2348,5.310668509379665,0,0,0,0,3,0,0,0,1,0
1,2348,0,2348,5.310668509379665,0,0,0,0,3,0,0,0,1,0
1,2348,0,2348,5.310668509379665,0,0,0,0,3,0,0,0,1,0
1,2348,0,2348,5.310668509379665,0,0,0,0,3,0,0,0,1,0
1,14634,0,14634,5.2080668634162635,0,0,0,0,0,0,1,0,1,0
1,14634,0,14634,5.2080668634162635,0,0,0,0,0,0,1,0,1,0
1,14634,0,14634,5.2080668634162635,0,0,0,0,0,0,1,0,1,0
1,14634,0,14634,5.2080668634162635,0,0,0,0,0,0,1,0,1,0
1,14634,0,14634,5.2080668634162635,0,0,0,0,0,0,1,0,1,0
1,14634,0,14634,5.2080668634162635,0,0,0,0,0,0,1,0,1,0
1,14634,0,14634,5.2080668634162635,0,0,0,0,0,0,1,0,1,0
1,14634,0,14634,5.2080668634162635,0,0,0,0,0,0,1,0,1,0
1,14634,0,14634,5.2080668634162635,0,0,0,0,0,0,1,0,1,0
1,14634,0,14634,5.2080668634162635,0,0,0,0,0,0,1,0,1,0
1,14634,0,14634,5.2080668634162635,0,0,0,0,0,0,1,0,1,0
1,14634,0,14634,5.2080668634162635,0,0,0,0,0,0,1,0,1,0
1,14634,0,14634,5.2080668634162635,0,0,0,0,0,0,1,0,1,0
1,14634,0,14634,5.2080668634162635,0,0,0,0,0,0,1,0,1,0
1,14634,0,14634,5.2080668634162635,0,0,0,0,0,0,1,0,1,0
1,14634,0,14634,5.2080668634162635,0,0,0,0,0,0,1,0,1,0
1,14634,0,14634,5.2080668634162635,0,0,0,0,0,0,1,0,1,0
1,14634,0,14634,5.2080668634162635,0,0,0,0,0,0,1,0,1,0
1,7294,0,7294,5.305670954300813,0,0,0,0,0,0,0,0,1,0
1,8198,0,8198,5.288670713122726,0,0,0,0,0,0,0,0,1,0
1,8198,0,8198,5.288670713122726,0,0,0,0,0,0,0,0,1,0
1,8198,0,8198,5.288670713122726,0,0,0,0,0,0,0,0,1,0
1,8198,0,8198,5.288670713122726,0,0,0,0,0,0,0,0,1,0
1,8198,0,8198,5.288670713122726,0,0,0,0,0,0,0,0,1,0
1,8198,0,8198,5.288670713122726,0,0,0,0,0,0,0,0,1,0
1,8198,0,8198,5.288670713122726,0,0,0,0,0,0,0,0,1,0
1,8198,0,8198,5.288670713122726,0,0,0,0,0,0,0,0,1,0
1,8198,0,8198,5.288670713122726,0,0,0,0,0,0,0,0,1,0
1,8198,0,8198,5.288670713122726,0,0,0,0,0,0,0,0,1,0
1,8198,0,8198,5.288670713122726,0,0,0,0,0,0,0,0,1,0
1,8198,0,8198,5.288670713122726,0,0,0,0,0,0,0,0,1,0
1,8198,0,8198,5.288670713122726,0,0,0,0,0,0,0,0,1,0
1,8198,0,8198,5.288670713122726,0,0,0,0,0,0,0,0,1,0
1,8198,0,8198,5.288670713122726,0,0,0,0,0,0,0,0,1,0
1,8198,0,8198,5.288670713122726,0,0,0,0,0,0,0,0,1,0
1,8198,0,8198,5.288670713122726,0,0,0,0,0,0,0,0,1,0
1,8198,0,8198,5.288670713122726,0,0,0,0,0,0,0,0,1,0
1,8198,0,8198,5.288670713122726,0,0,0,0,0,0,0,0,1,0
1,8198,0,8198,5.288670713122726,0,0,0,0,0,0,0,0,1,0
1,8198,0,8198,5.288670713122726,0,0,0,0,0,0,0,0,1,0
1,8198,0,8198,5.288670713122726,0,0,0,0,0,0,0,0,1,0
1,8194,0,8194,5.287954726917316,0,0,0,0,0,0,0,0,1,0
1,8198,0,8198,5.288670713122726,0,0,0,0,0,0,0,0,1,0
1,8198,0,8198,5.288670713122726,0,0,0,0,0,0,0,0,1,0
1,8198,0,8198,5.288670713122726,0,0,0,0,0,0,0,0,1,0
1,3288,0,3288,5.156705927862969,0,0,0,0,1,0,0,0,1,0
1,15273,0,15273,5.344580184218318,0,0,0,0,0,0,0,0,1,0
1,15273,0,15273,5.344580184218318,0,0,0,0,0,0,0,0,1,0
1,15273,0,15273,5.344580184218318,0,0,0,0,0,0,0,0,1,0
1,4873,0,4873,5.389937772783874,0,0,0,0,8,6,1,0,1,0
1,6271,0,6271,5.143942206380707,0,0,0,0,2,0,0,0,1,0
1,6271,0,6271,5.143942206380707,0,0,0,0,2,0,0,0,1,0
1,6271,0,6271,5.143942206380707,0,0,0,0,2,0,0,0,1,0
1,6271,0,6271,5.143942206380707,0,0,0,0,2,0,0,0,1,0
1,6278,0,6278,5.144960610551964,0,0,0,0,2,0,0,0,1,0
1,6271,0,6271,5.143942206380707,0,0,0,0,2,0,0,0,1,0
1,6271,0,6271,5.143942206380707,0,0,0,0,2,0,0,0,1,0
1,6271,0,6271,5.143942206380707,0,0,0,0,2,0,0,0,1,0
1,6271,0,6271,5.143942206380707,0,0,0,0,2,0,0,0,1,0
1,6271,0,6271,5.143942206380707,0,0,0,0,2,0,0,0,1,0
1,6271,0,6271,5.143942206380707,0,0,0,0,2,0,0,0,1,0
1,6278,0,6278,5.144960610551964,0,0,0,0,2,0,0,0,1,0
1,6271,0,6271,5.143942206380707,0,0,0,0,2,0,0,0,1,0
1,6271,0,6271,5.143942206380707,0,0,0,0,2,0,0,0,1,0
1,6271,0,6271,5.143942206380707,0,0,0,0,2,0,0,0,1,0
1,6271,0,6271,5.143942206380707,0,0,0,0,2,0,0,0,1,0
1,6278,0,6278,5.144960610551964,0,0,0,0,2,0,0,0,1,0
1,6271,0,6271,5.143942206380707,0,0,0,0,2,0,0,0,1,0
1,6271,0,6271,5.143942206380707,0,0,0,0,2,0,0,0,1,0
1,6278,0,6278,5.144960610551964,0,0,0,0,2,0,0,0,1,0
1,6271,0,6271,5.143942206380707,0,0,0,0,2,0,0,0,1,0
1,6271,0,6271,5.143942206380707,0,0,0,0,2,0,0,0,1,0
1,1404,0,1404,5.171964190927824,0,0,0,0,2,0,0,0,1,0
1,1411,0,1411,5.181620897686911,0,0,0,0,2,0,0,0,1,0
1,1404,0,1404,5.171964190927824,0,0,0,0,2,0,0,0,1,0
1,1404,0,1404,5.171964190927824,0,0,0,0,2,0,0,0,1,0
1,1404,0,1404,5.171964190927824,0,0,0,0,2,0,0,0,1,0
1,1404,0,1404,5.171964190927824,0,0,0,0,2,0,0,0,1,0
1,1411,0,1411,5.181620897686911,0,0,0,0,2,0,0,0,1,0
1,1404,0,1404,5.171964190927824,0,0,0,0,2,0,0,0,1,0
1,1404,0,1404,5.171964190927824,0,0,0,0,2,0,0,0,1,0
1,1411,0,1411,5.181620897686911,0,0,0,0,2,0,0,0,1,0
1,1404,0,1404,5.171964190927824,0,0,0,0,2,0,0,0,1,0
1,1404,0,1404,5.171964190927824,0,0,0,0,2,0,0,0,1,0
1,1404,0,1404,5.171964190927824,0,0,0,0,2,0,0,0,1,0
1,1404,0,1404,5.171964190927824,0,0,0,0,2,0,0,0,1,0
1,1404,0,1404,5.171964190927824,0,0,0,0,2,0,0,0,1,0
1,1404,0,1404,5.171964190927824,0,0,0,0,2,0,0,0,1,0
1,1404,0,1404,5.171964190927824,0,0,0,0,2,0,0,0,1,0
1,1404,0,1404,5.171964190927824,0,0,0,0,2,0,0,0,1,0
1,15502,0,15502,5.089167642182912,0,0,0,0,0,0,11,0,1,0
1,15495,0,15495,5.09047421915062,0,0,0,0,1,0,11,0,1,0
1,50425,35705,14720,5.4157381212286575,49,0,15,0,0,0,85,155,1109,189
1,9916,0,9916,5.126607447496905,0,0,0,0,1,0,0,0,1,0
1,3585,0,3585,5.468195432173437,0,0,0,0,6,0,3,0,1,0
1,4475,0,4475,5.389488393701814,0,0,0,0,6,0,3,0,1,0
1,4475,0,4475,5.389488393701814,0,0,0,0,6,0,3,0,1,0
1,4475,0,4475,5.389488393701814,0,0,0,0,6,0,3,0,1,0
1,4475,0,4475,5.389488393701814,0,0,0,0,6,0,3,0,1,0
1,4475,0,4475,5.389488393701814,0,0,0,0,6,0,3,0,1,0
1,4475,0,4475,5.389488393701814,0,0,0,0,6,0,3,0,1,0
1,4471,0,4471,5.388507718816676,0,0,0,0,6,0,3,0,1,0
1,4475,0,4475,5.389488393701814,0,0,0,0,6,0,3,0,1,0
1,4475,0,4475,5.389488393701814,0,0,0,0,6,0,3,0,1,0
1,4475,0,4475,5.389488393701814,0,0,0,0,6,0,3,0,1,0
1,4475,0,4475,5.389488393701814,0,0,0,0,6,0,3,0,1,0
1,4475,0,4475,5.389488393701814,0,0,0,0,6,0,3,0,1,0
1,4475,0,4475,5.389488393701814,0,0,0,0,6,0,3,0,1,0
1,4471,0,4471,5.388507718816676,0,0,0,0,6,0,3,0,1,0
1,4475,0,4475,5.389488393701814,0,0,0,0,6,0,3,0,1,0
1,4475,0,4475,5.389488393701814,0,0,0,0,6,0,3,0,1,0
1,4471,0,4471,5.388507718816676,0,0,0,0,6,0,3,0,1,0
1,4475,0,4475,5.389488393701814,0,0,0,0,6,0,3,0,1,0
1,4475,0,4475,5.389488393701814,0,0,0,0,6,0,3,0,1,0
1,4475,0,4475,5.389488393701814,0,0,0,0,6,0,3,0,1,0
1,4475,0,4475,5.389488393701814,0,0,0,0,6,0,3,0,1,0
1,4471,0,4471,5.388507718816676,0,0,0,0,6,0,3,0,1,0
1,4475,0,4475,5.389488393701814,0,0,0,0,6,0,3,0,1,0
1,4475,0,4475,5.389488393701814,0,0,0,0,6,0,3,0,1,0
1,4475,0,4475,5.389488393701814,0,0,0,0,6,0,3,0,1,0
1,4475,0,4475,5.389488393701814,0,0,0,0,6,0,3,0,1,0
1,4475,0,4475,5.389488393701814,0,0,0,0,6,0,3,0,1,0
1,4475,0,4475,5.389488393701814,0,0,0,0,6,0,3,0,1,0
1,4475,0,4475,5.389488393701814,0,0,0,0,6,0,3,0,1,0
1,4475,0,4475,5.389488393701814,0,0,0,0,6,0,3,0,1,0
1,11742,0,11742,5.003964646940185,0,0,0,0,1,0,5,0,1,0
1,15358,0,15358,5.262905041093854,0,0,0,0,1,0,0,0,1,0
1,15408,0,15408,5.259056290995953,0,0,0,0,0,0,0,0,1,0
1,15408,0,15408,5.259056290995953,0,0,0,0,0,0,0,0,1,0
1,15408,0,15408,5.259056290995953,0,0,0,0,0,0,0,0,1,0
1,15408,0,15408,5.259056290995953,0,0,0,0,0,0,0,0,1,0
1,15408,0,15408,5.259056290995953,0,0,0,0,0,0,0,0,1,0
1,15408,0,15408,5.259056290995953,0,0,0,0,0,0,0,0,1,0
1,15408,0,15408,5.259056290995953,0,0,0,0,0,0,0,0,1,0
1,15404,0,15404,5.2586593931603325,0,0,0,0,0,0,0,0,1,0
1,15408,0,15408,5.259056290995953,0,0,0,0,0,0,0,0,1,0
1,15408,0,15408,5.259056290995953,0,0,0,0,0,0,0,0,1,0
1,15408,0,15408,5.259056290995953,0,0,0,0,0,0,0,0,1,0
1,15408,0,15408,5.259056290995953,0,0,0,0,0,0,0,0,1,0
1,15408,0,15408,5.259056290995953,0,0,0,0,0,0,0,0,1,0
1,15408,0,15408,5.259056290995953,0,0,0,0,0,0,0,0,1,0
1,15404,0,15404,5.2586593931603325,0,0,0,0,0,0,0,0,1,0
1,15408,0,15408,5.259056290995953,0,0,0,0,0,0,0,0,1,0
1,15408,0,15408,5.259056290995953,0,0,0,0,0,0,0,0,1,0
1,15408,0,15408,5.259056290995953,0,0,0,0,0,0,0,0,1,0
1,15408,0,15408,5.259056290995953,0,0,0,0,0,0,0,0,1,0
1,15408,0,15408,5.259056290995953,0,0,0,0,0,0,0,0,1,0
1,15408,0,15408,5.259056290995953,0,0,0,0,0,0,0,0,1,0
1,15408,0,15408,5.259056290995953,0,0,0,0,0,0,0,0,1,0
1,15408,0,15408,5.259056290995953,0,0,0,0,0,0,0,0,1,0
1,15404,0,15404,5.2586593931603325,0,0,0,0,0,0,0,0,1,0
1,15408,0,15408,5.259056290995953,0,0,0,0,0,0,0,0,1,0
1,15408,0,15408,5.259056290995953,0,0,0,0,0,0,0,0,1,0
1,15408,0,15408,5.259056290995953,0,0,0,0,0,0,0,0,1,0
1,15408,0,15408,5.259056290995953,0,0,0,0,0,0,0,0,1,0
1,15408,0,15408,5.259056290995953,0,0,0,0,0,0,0,0,1,0
1,15408,0,15408,5.259056290995953,0,0,0,0,0,0,0,0,1,0
1,15358,0,15358,5.262905041093854,0,0,0,0,1,0,0,0,1,0
1,15358,0,15358,5.262905041093854,0,0,0,0,1,0,0,0,1,0
1,8783,7730,1053,5.035604966086773,0,0,4,5,0,0,0,13,280,120
1,2920,0,2920,5.388645116950719,0,0,0,0,4,1,0,0,1,0
1,3810,0,3810,5.330000314845158,0,0,0,0,4,1,0,0,1,0
1,3810,0,3810,5.330000314845158,0,0,0,0,4,1,0,0,1,0
1,3810,0,3810,5.330000314845158,0,0,0,0,4,1,0,0,1,0
1,3810,0,3810,5.330000314845158,0,0,0,0,4,1,0,0,1,0
1,3810,0,3810,5.330000314845158,0,0,0,0,4,1,0,0,1,0
1,3810,0,3810,5.330000314845158,0,0,0,0,4,1,0,0,1,0
1,3806,0,3806,5.32827585696935,0,0,0,0,4,1,0,0,1,0
1,3806,0,3806,5.32827585696935,0,0,0,0,4,1,0,0,1,0
1,3810,0,3810,5.330000314845158,0,0,0,0,4,1,0,0,1,0
1,3810,0,3810,5.330000314845158,0,0,0,0,4,1,0,0,1,0
1,3810,0,3810,5.330000314845158,0,0,0,0,4,1,0,0,1,0
1,3810,0,3810,5.330000314845158,0,0,0,0,4,1,0,0,1,0
1,3810,0,3810,5.330000314845158,0,0,0,0,4,1,0,0,1,0
1,3810,0,3810,5.330000314845158,0,0,0,0,4,1,0,0,1,0
1,3810,0,3810,5.330000314845158,0,0,0,0,4,1,0,0,1,0
1,3810,0,3810,5.330000314845158,0,0,0,0,4,1,0,0,1,0
1,3810,0,3810,5.330000314845158,0,0,0,0,4,1,0,0,1,0
1,3810,0,3810,5.330000314845158,0,0,0,0,4,1,0,0,1,0
1,3810,0,3810,5.330000314845158,0,0,0,0,4,1,0,0,1,0
1,3810,0,3810,5.330000314845158,0,0,0,0,4,1,0,0,1,0
1,3810,0,3810,5.330000314845158,0,0,0,0,4,1,0,0,1,0
1,3810,0,3810,5.330000314845158,0,0,0,0,4,1,0,0,1,0
1,3810,0,3810,5.330000314845158,0,0,0,0,4,1,0,0,1,0
1,3810,0,3810,5.330000314845158,0,0,0,0,4,1,0,0,1,0
1,3810,0,3810,5.330000314845158,0,0,0,0,4,1,0,0,1,0
1,3810,0,3810,5.330000314845158,0,0,0,0,4,1,0,0,1,0
1,3810,0,3810,5.330000314845158,0,0,0,0,4,1,0,0,1,0
1,3806,0,3806,5.32827585696935,0,0,0,0,4,1,0,0,1,0
1,3806,0,3806,5.32827585696935,0,0,0,0,4,1,0,0,1,0
1,3806,0,3806,5.32827585696935,0,0,0,0,4,1,0,0,1,0
1,3810,0,3810,5.330000314845158,0,0,0,0,4,1,0,0,1,0
1,3810,0,3810,5.330000314845158,0,0,0,0,4,1,0,0,1,0
1,3810,0,3810,5.330000314845158,0,0,0,0,4,1,0,0,1,0
1,3810,0,3810,5.330000314845158,0,0,0,0,4,1,0,0,1,0
1,4053,0,4053,5.366694887855403,0,0,0,0,5,0,0,0,1,0
1,2069,0,2069,5.472302088824966,0,0,0,0,2,0,0,0,1,0
1,2069,0,2069,5.472302088824966,0,0,0,0,2,0,0,0,1,0
1,2069,0,2069,5.472302088824966,0,0,0,0,2,0,0,0,1,0
1,2069,0,2069,5.472302088824966,0,0,0,0,2,0,0,0,1,0
1,2069,0,2069,5.472302088824966,0,0,0,0,2,0,0,0,1,0
1,2069,0,2069,5.472302088824966,0,0,0,0,2,0,0,0,1,0
1,2069,0,2069,5.472302088824966,0,0,0,0,2,0,0,0,1,0
1,2076,0,2076,5.476330181192738,0,0,0,0,2,0,0,0,1,0
1,2069,0,2069,5.472302088824966,0,0,0,0,2,0,0,0,1,0
1,2069,0,2069,5.472302088824966,0,0,0,0,2,0,0,0,1,0
1,2076,0,2076,5.476330181192738,0,0,0,0,2,0,0,0,1,0
1,2069,0,2069,5.472302088824966,0,0,0,0,2,0,0,0,1,0
1,3988,0,3988,5.491766503224322,0,0,0,0,1,0,0,0,1,0
1,4757,0,4757,5.553479540548881,0,0,0,0,1,0,0,0,1,0
1,4742,0,4742,5.012481103062475,0,0,0,0,1,0,0,0,1,0
1,4732,0,4732,5.011052164503709,0,0,0,0,1,0,0,0,1,0
1,7906,3998,3908,4.965651027189854,1,0,18,0,0,0,1,14,196,91
1,2761,0,2761,5.128121045887568,0,0,0,0,2,0,1,0,1,0
1,2761,0,2761,5.128121045887568,0,0,0,0,2,0,1,0,1,0
1,2768,0,2768,5.130277495617701,0,0,0,0,2,0,1,0,1,0
1,2761,0,2761,5.128121045887568,0,0,0,0,2,0,1,0,1,0
1,2761,0,2761,5.128121045887568,0,0,0,0,2,0,1,0,1,0
1,2761,0,2761,5.128121045887568,0,0,0,0,2,0,1,0,1,0
1,2761,0,2761,5.128121045887568,0,0,0,0,2,0,1,0,1,0
1,2761,0,2761,5.128121045887568,0,0,0,0,2,0,1,0,1,0
1,2768,0,2768,5.130277495617701,0,0,0,0,2,0,1,0,1,0
1,2761,0,2761,5.128121045887568,0,0,0,0,2,0,1,0,1,0
1,2761,0,2761,5.128121045887568,0,0,0,0,2,0,1,0,1,0
1,2761,0,2761,5.128121045887568,0,0,0,0,2,0,1,0,1,0
1,2761,0,2761,5.128121045887568,0,0,0,0,2,0,1,0,1,0
1,2761,0,2761,5.128121045887568,0,0,0,0,2,0,1,0,1,0
1,2761,0,2761,5.128121045887568,0,0,0,0,2,0,1,0,1,0
1,2761,0,2761,5.128121045887568,0,0,0,0,2,0,1,0,1,0
1,2761,0,2761,5.128121045887568,0,0,0,0,2,0,1,0,1,0
1,2694,0,2694,5.2411226425584285,0,0,0,0,2,0,1,0,1,0
1,2761,0,2761,5.128121045887568,0,0,0,0,2,0,1,0,1,0
1,6333,0,6333,5.341907652141959,0,0,0,0,2,1,0,0,1,0
1,7220,0,7220,5.321377926490936,0,0,0,0,2,1,0,0,1,0
1,7220,0,7220,5.321377926490936,0,0,0,0,2,1,0,0,1,0
1,7220,0,7220,5.321377926490936,0,0,0,0,2,1,0,0,1,0
1,7220,0,7220,5.321377926490936,0,0,0,0,2,1,0,0,1,0
1,7220,0,7220,5.321377926490936,0,0,0,0,2,1,0,0,1,0
1,7220,0,7220,5.321377926490936,0,0,0,0,2,1,0,0,1,0
1,7220,0,7220,5.321377926490936,0,0,0,0,2,1,0,0,1,0
1,7220,0,7220,5.321377926490936,0,0,0,0,2,1,0,0,1,0
1,7220,0,7220,5.321377926490936,0,0,0,0,2,1,0,0,1,0
1,7220,0,7220,5.321377926490936,0,0,0,0,2,1,0,0,1,0
1,7220,0,7220,5.321377926490936,0,0,0,0,2,1,0,0,1,0
1,7220,0,7220,5.321377926490936,0,0,0,0,2,1,0,0,1,0
1,7220,0,7220,5.321377926490936,0,0,0,0,2,1,0,0,1,0
1,7220,0,7220,5.321377926490936,0,0,0,0,2,1,0,0,1,0
1,7220,0,7220,5.321377926490936,0,0,0,0,2,1,0,0,1,0
1,7220,0,7220,5.321377926490936,0,0,0,0,2,1,0,0,1,0
1,7220,0,7220,5.321377926490936,0,0,0,0,2,1,0,0,1,0
1,7220,0,7220,5.321377926490936,0,0,0,0,2,1,0,0,1,0
1,7220,0,7220,5.321377926490936,0,0,0,0,2,1,0,0,1,0
1,7220,0,7220,5.321377926490936,0,0,0,0,2,1,0,0,1,0
1,7220,0,7220,5.321377926490936,0,0,0,0,2,1,0,0,1,0
1,7220,0,7220,5.321377926490936,0,0,0,0,2,1,0,0,1,0
1,7220,0,7220,5.321377926490936,0,0,0,0,2,1,0,0,1,0
1,7220,0,7220,5.321377926490936,0,0,0,0,2,1,0,0,1,0
1,7220,0,7220,5.321377926490936,0,0,0,0,2,1,0,0,1,0
1,18639,14181,4458,5.059097074614621,2,0,0,0,0,0,0,41,492,89
1,3318,0,3318,5.352396455430644,0,0,0,0,0,0,0,0,1,0
1,3318,0,3318,5.352396455430644,0,0,0,0,0,0,0,0,1,0
1,3318,0,3318,5.352396455430644,0,0,0,0,0,0,0,0,1,0
1,3318,0,3318,5.352396455430644,0,0,0,0,0,0,0,0,1,0
1,3318,0,3318,5.352396455430644,0,0,0,0,0,0,0,0,1,0
1,3318,0,3318,5.352396455430644,0,0,0,0,0,0,0,0,1,0
1,3318,0,3318,5.352396455430644,0,0,0,0,0,0,0,0,1,0
1,3318,0,3318,5.352396455430644,0,0,0,0,0,0,0,0,1,0
1,3318,0,3318,5.352396455430644,0,0,0,0,0,0,0,0,1,0
1,3318,0,3318,5.352396455430644,0,0,0,0,0,0,0,0,1,0
1,3318,0,3318,5.352396455430644,0,0,0,0,0,0,0,0,1,0
1,3318,0,3318,5.352396455430644,0,0,0,0,0,0,0,0,1,0
1,3318,0,3318,5.352396455430644,0,0,0,0,0,0,0,0,1,0
1,3318,0,3318,5.352396455430644,0,0,0,0,0,0,0,0,1,0
1,3318,0,3318,5.352396455430644,0,0,0,0,0,0,0,0,1,0
1,3318,0,3318,5.352396455430644,0,0,0,0,0,0,0,0,1,0
1,3318,0,3318,5.352396455430644,0,0,0,0,0,0,0,0,1,0
1,3318,0,3318,5.352396455430644,0,0,0,0,0,0,0,0,1,0
1,3318,0,3318,5.352396455430644,0,0,0,0,0,0,0,0,1,0
1,3318,0,3318,5.352396455430644,0,0,0,0,0,0,0,0,1,0
1,3318,0,3318,5.352396455430644,0,0,0,0,0,0,0,0,1,0
1,3318,0,3318,5.352396455430644,0,0,0,0,0,0,0,0,1,0
1,3318,0,3318,5.352396455430644,0,0,0,0,0,0,0,0,1,0
1,3318,0,3318,5.352396455430644,0,0,0,0,0,0,0,0,1,0
1,3318,0,3318,5.352396455430644,0,0,0,0,0,0,0,0,1,0
1,5192,0,5192,5.373921570248805,0,0,0,0,0,0,0,0,1,0
1,5192,0,5192,5.373921570248805,0,0,0,0,0,0,0,0,1,0
1,5192,0,5192,5.373921570248805,0,0,0,0,0,0,0,0,1,0
1,5192,0,5192,5.373921570248805,0,0,0,0,0,0,0,0,1,0
1,5192,0,5192,5.373921570248805,0,0,0,0,0,0,0,0,1,0
1,5192,0,5192,5.373921570248805,0,0,0,0,0,0,0,0,1,0
1,5192,0,5192,5.373921570248805,0,0,0,0,0,0,0,0,1,0
1,5192,0,5192,5.373921570248805,0,0,0,0,0,0,0,0,1,0
1,5192,0,5192,5.373921570248805,0,0,0,0,0,0,0,0,1,0
1,5192,0,5192,5.373921570248805,0,0,0,0,0,0,0,0,1,0
1,5192,0,5192,5.373921570248805,0,0,0,0,0,0,0,0,1,0
1,5192,0,5192,5.373921570248805,0,0,0,0,0,0,0,0,1,0
1,5192,0,5192,5.373921570248805,0,0,0,0,0,0,0,0,1,0
1,5192,0,5192,5.373921570248805,0,0,0,0,0,0,0,0,1,0
1,5192,0,5192,5.373921570248805,0,0,0,0,0,0,0,0,1,0
1,5192,0,5192,5.373921570248805,0,0,0,0,0,0,0,0,1,0
1,5192,0,5192,5.373921570248805,0,0,0,0,0,0,0,0,1,0
1,5192,0,5192,5.373921570248805,0,0,0,0,0,0,0,0,1,0
1,5192,0,5192,5.373921570248805,0,0,0,0,0,0,0,0,1,0
1,5192,0,5192,5.373921570248805,0,0,0,0,0,0,0,0,1,0
1,5192,0,5192,5.373921570248805,0,0,0,0,0,0,0,0,1,0
1,5192,0,5192,5.373921570248805,0,0,0,0,0,0,0,0,1,0
1,5192,0,5192,5.373921570248805,0,0,0,0,0,0,0,0,1,0
1,5192,0,5192,5.373921570248805,0,0,0,0,0,0,0,0,1,0
1,5192,0,5192,5.373921570248805,0,0,0,0,0,0,0,0,1,0
1,4810,0,4810,5.21825868359495,0,0,0,0,0,0,0,0,1,0
1,4810,0,4810,5.21825868359495,0,0,0,0,0,0,0,0,1,0
1,4810,0,4810,5.21825868359495,0,0,0,0,0,0,0,0,1,0
1,4810,0,4810,5.21825868359495,0,0,0,0,0,0,0,0,1,0
1,4810,0,4810,5.21825868359495,0,0,0,0,0,0,0,0,1,0
1,4810,0,4810,5.21825868359495,0,0,0,0,0,0,0,0,1,0
1,4810,0,4810,5.21825868359495,0,0,0,0,0,0,0,0,1,0
1,4810,0,4810,5.21825868359495,0,0,0,0,0,0,0,0,1,0
1,4814,0,4814,5.219104345186625,0,0,0,0,0,0,0,0,1,0
1,4810,0,4810,5.21825868359495,0,0,0,0,0,0,0,0,1,0
1,4810,0,4810,5.21825868359495,0,0,0,0,0,0,0,0,1,0
1,4810,0,4810,5.21825868359495,0,0,0,0,0,0,0,0,1,0
1,4814,0,4814,5.219104345186625,0,0,0,0,0,0,0,0,1,0
1,4810,0,4810,5.21825868359495,0,0,0,0,0,0,0,0,1,0
1,4810,0,4810,5.21825868359495,0,0,0,0,0,0,0,0,1,0
1,4810,0,4810,5.21825868359495,0,0,0,0,0,0,0,0,1,0
1,4810,0,4810,5.21825868359495,0,0,0,0,0,0,0,0,1,0
1,4810,0,4810,5.21825868359495,0,0,0,0,0,0,0,0,1,0
1,4810,0,4810,5.21825868359495,0,0,0,0,0,0,0,0,1,0
1,4810,0,4810,5.21825868359495,0,0,0,0,0,0,0,0,1,0
1,4810,0,4810,5.21825868359495,0,0,0,0,0,0,0,0,1,0
1,4810,0,4810,5.21825868359495,0,0,0,0,0,0,0,0,1,0
1,4810,0,4810,5.21825868359495,0,0,0,0,0,0,0,0,1,0
1,4810,0,4810,5.21825868359495,0,0,0,0,0,0,0,0,1,0
1,4810,0,4810,5.21825868359495,0,0,0,0,0,0,0,0,1,0
1,4810,0,4810,5.21825868359495,0,0,0,0,0,0,0,0,1,0
1,4810,0,4810,5.21825868359495,0,0,0,0,0,0,0,0,1,0
1,4810,0,4810,5.21825868359495,0,0,0,0,0,0,0,0,1,0
1,4810,0,4810,5.21825868359495,0,0,0,0,0,0,0,0,1,0
1,4810,0,4810,5.21825868359495,0,0,0,0,0,0,0,0,1,0
1,4810,0,4810,5.21825868359495,0,0,0,0,0,0,0,0,1,0
1,5079,0,5079,5.4146352362731776,0,0,0,0,0,0,0,0,1,0
1,5079,0,5079,5.4146352362731776,0,0,0,0,0,0,0,0,1,0
1,5079,0,5079,5.4146352362731776,0,0,0,0,0,0,0,0,1,0
1,5079,0,5079,5.4146352362731776,0,0,0,0,0,0,0,0,1,0
1,5079,0,5079,5.4146352362731776,0,0,0,0,0,0,0,0,1,0
1,5079,0,5079,5.4146352362731776,0,0,0,0,0,0,0,0,1,0
1,5079,0,5079,5.4146352362731776,0,0,0,0,0,0,0,0,1,0
1,5079,0,5079,5.4146352362731776,0,0,0,0,0,0,0,0,1,0
1,5079,0,5079,5.4146352362731776,0,0,0,0,0,0,0,0,1,0
1,5079,0,5079,5.4146352362731776,0,0,0,0,0,0,0,0,1,0
1,5083,0,5083,5.415865286218702,0,0,0,0,0,0,0,0,1,0
1,5079,0,5079,5.4146352362731776,0,0,0,0,0,0,0,0,1,0
1,5083,0,5083,5.415865286218702,0,0,0,0,0,0,0,0,1,0
1,4850,0,4850,5.275860291596791,0,0,0,0,0,0,0,0,1,0
1,4850,0,4850,5.275860291596791,0,0,0,0,0,0,0,0,1,0
1,4850,0,4850,5.275860291596791,0,0,0,0,0,0,0,0,1,0
1,4850,0,4850,5.275860291596791,0,0,0,0,0,0,0,0,1,0
1,4854,0,4854,5.277611098584102,0,0,0,0,0,0,0,0,1,0
1,4850,0,4850,5.275860291596791,0,0,0,0,0,0,0,0,1,0
1,4850,0,4850,5.275860291596791,0,0,0,0,0,0,0,0,1,0
1,4850,0,4850,5.275860291596791,0,0,0,0,0,0,0,0,1,0
1,4854,0,4854,5.277611098584102,0,0,0,0,0,0,0,0,1,0
1,4850,0,4850,5.275860291596791,0,0,0,0,0,0,0,0,1,0
1,4850,0,4850,5.275860291596791,0,0,0,0,0,0,0,0,1,0
1,4850,0,4850,5.275860291596791,0,0,0,0,0,0,0,0,1,0
1,4850,0,4850,5.275860291596791,0,0,0,0,0,0,0,0,1,0
1,2118,0,2118,5.260545097102956,0,0,0,0,2,0,0,0,1,0
1,1825,0,1825,5.199613869439837,0,0,0,0,2,0,0,0,1,0
1,1825,0,1825,5.199613869439837,0,0,0,0,2,0,0,0,1,0
1,2122,0,2122,5.1360493158797755,0,0,0,0,2,0,0,0,1,0
1,1825,0,1825,5.199613869439837,0,0,0,0,2,0,0,0,1,0
1,1825,0,1825,5.199613869439837,0,0,0,0,2,0,0,0,1,0
1,1825,0,1825,5.199613869439837,0,0,0,0,2,0,0,0,1,0
1,1825,0,1825,5.199613869439837,0,0,0,0,2,0,0,0,1,0
1,1825,0,1825,5.199613869439837,0,0,0,0,2,0,0,0,1,0
1,2100,0,2100,5.277357011997656,0,0,0,0,2,0,0,0,1,0
1,1825,0,1825,5.199613869439837,0,0,0,0,2,0,0,0,1,0
1,1825,0,1825,5.199613869439837,0,0,0,0,2,0,0,0,1,0
1,2122,0,2122,5.1360493158797755,0,0,0,0,2,0,0,0,1,0
1,1825,0,1825,5.199613869439837,0,0,0,0,2,0,0,0,1,0
1,1825,0,1825,5.199613869439837,0,0,0,0,2,0,0,0,1,0
1,2122,0,2122,5.1360493158797755,0,0,0,0,2,0,0,0,1,0
1,3893,0,3893,5.244371960510199,0,0,0,0,0,0,0,0,1,0
1,4184,0,4184,5.463233445387925,0,0,0,0,0,0,0,0,1,0
1,3949,0,3949,5.286231235943865,0,0,0,0,0,0,0,0,1,0
